ClmId,Mbr,Npi,State,Zip,Date,Proc,Dx,Pos,Reas,TotChg,Action
916P669442,318-98-0417,6688807300,PA,19160,9/29/2019,8534,73312,11,PDUP,8593.9,RePend
626B297049,555-40-5790,1852566130,WV,25726,11/15/2019,5284,6851,23,PDOC,4950.85,RePend
422S713257,554-32-3738,8507839894,LA,70810,7/30/2019,9533,E8227,12,PDOC,3707.27,RePend
152O051451,146-93-6031,0609053857,TX,77260,4/26/2019,9042,71619,72,PDUP,7782.39,RePend
497X285466,777-65-2750,7473849240,MI,48107,1/31/2019,9469,36281,31,PDLB,8765.21,RePend
258Z832943,107-10-3069,2964537800,OK,73129,8/24/2019,8709,5216,65,PPJB,5291.65,Release
750T986103,200-76-0101,3924672866,NY,10165,7/1/2019,3954,85225,52,PVIP,1007.47,Release
530Z967065,787-09-3225,3821619172,CA,93591,1/14/2019,3807,37863,31,PCOB,1269.23,Release
729D635815,557-59-2046,3516200852,KS,66105,3/22/2019,0714,34591,65,PVIP,3514.33,Deny
651R300397,692-87-8858,5143671603,AZ,85067,5/27/2019,0699,36089,11,PDLB,769.69,Deny
029J214031,124-94-8899,4671806778,CT,06533,11/13/2019,9105,73345,52,PVIP,3783.51,RePend
229T382479,835-88-9137,2624991837,MD,21239,3/5/2019,8311,1725,65,PDLB,6086.09,Release
254P982678,559-08-1924,6897341488,NY,11241,8/26/2019,6849,56960,17,PAUT,1887.85,Release
560F013562,136-29-8777,9466764959,IN,47712,2/27/2019,7895,29635,65,PPJB,7539.02,MedRev
932Y942085,349-27-4607,3282056864,CT,06854,7/30/2019,8143,2307,65,PPJB,7377.93,Release
185Y141334,526-29-2502,5563117464,DC,20220,5/17/2019,5903,86352,81,PDOK,167.7,Release
303A704379,854-78-4770,2703629271,FL,33625,6/14/2019,8965,317,52,PPJB,5978.1,Deny
719Q277085,839-21-0470,4299960137,KS,66276,6/1/2019,5781,52310,12,PAUT,2267.31,RePend
627U050535,794-18-8235,1138159070,FL,32919,5/10/2019,7321,V9191,31,PDOC,7440.63,MedRev
865B907013,300-45-9084,0406669772,PA,15225,11/24/2019,7822,5951,20,PDUP,4695.19,Deny
894Q027511,208-59-5760,9354230899,OH,45440,10/13/2019,1529,38643,52,PM5R,6914.3,MedRev
655V576160,294-04-7872,6120912714,MD,20851,6/19/2019,8301,V029,12,PAUT,9900.42,MedRev
777K765429,726-70-7904,9998411191,DC,20029,5/22/2019,9608,71197,31,PVIP,6569.9,Deny
883Z749073,562-28-0197,3348370901,SC,29579,11/21/2019,3775,07041,22,PPJB,4721.65,MedRev
261P967415,388-47-1446,7827493264,NC,28235,4/5/2019,2755,8787,22,PDLB,4438.7,Release
757X789512,838-99-0062,8236968152,OH,43666,6/18/2019,7765,53340,20,PDOC,8353.35,Release
587F951193,126-52-5188,4744328907,CA,92186,2/13/2019,6574,94127,12,PM5R,2454.94,MedRev
727V957549,538-32-7792,3763118025,CO,80945,12/16/2019,5192,84510,20,PAUT,6620.34,RePend
274F039073,659-57-0823,4779437013,FL,32314,6/30/2019,9459,9767,31,PDUP,2052.4,MedRev
576G538657,862-48-9806,6022359307,DC,20380,8/6/2019,2252,V813,31,PAUT,296.93,Release
171T051145,705-82-0559,8341726275,WA,98516,2/14/2019,1641,9400,22,PDOK,2260.78,MedRev
391E887552,774-70-0853,1305446424,NJ,07112,3/12/2019,9054,01214,22,PPJB,6534.95,RePend
110J413553,126-45-0683,4037352771,VA,22244,12/11/2019,8571,65323,20,PPOW,8713.84,RePend
618C817618,392-34-5339,6762426019,PA,19151,6/1/2019,5186,95210,17,PVIP,5837.81,RePend
155K308208,834-17-7927,0830776260,FL,34479,3/18/2019,6552,0512,72,PVIP,6965.48,RePend
592A683295,392-48-8407,8992617945,IN,46239,8/2/2019,3781,85140,22,PDOK,9890.83,Deny
881Y198906,323-24-3423,7366311305,AZ,85072,8/3/2019,7731,20215,17,PVIP,9449.07,Deny
166L180506,282-65-2921,9148852080,CT,06140,8/24/2019,9626,E8058,23,PCOB,6378.77,Deny
470N446899,884-51-6095,8391290563,VA,23289,10/27/2019,8000,81600,12,PDOC,1893.17,RePend
464A143170,386-62-9772,0170016650,CA,92805,11/26/2019,8399,80611,52,PDOC,6654.97,Deny
067H867218,790-42-0009,2352728145,AK,99507,10/18/2019,3327,0721,17,PCOB,2867.53,MedRev
766N889857,617-34-2929,7769115265,CA,91505,6/6/2019,2102,E9231,52,PDOC,7196.65,RePend
111D690353,202-43-1923,1064291635,AL,36689,1/4/2019,806,01351,17,PM5R,6089.54,RePend
084T133732,137-82-1645,5635065736,CO,80161,1/6/2019,4291,E8145,31,PDLB,4843.26,RePend
641Z070258,814-18-5368,2550210606,PA,19146,3/2/2019,8789,30089,20,PPOW,3634.23,MedRev
095Y147418,841-91-6687,8775791297,NV,89714,7/17/2019,7795,99959,31,PDOC,1701.04,RePend
429G336983,731-03-6212,5685250151,WV,26505,7/9/2019,2279,01755,11,PDUP,261.53,RePend
700U980658,669-04-7124,9367170341,OH,44197,2/23/2019,132,36863,17,PM5R,2957.67,MedRev
495R131412,509-73-2877,6499815084,NC,28215,3/5/2019,7611,37021,22,PDUP,284.42,RePend
296W517206,857-90-0502,1755951098,IA,52245,4/23/2019,3796,2728,12,PPOW,8464.23,RePend
059X407094,497-68-5408,6355098628,FL,32830,5/25/2019,5251,V015,12,PPJB,5889.63,Release
686W491789,134-62-7160,7953844618,GA,30358,7/22/2019,6382,3482,11,PDOK,4081.59,MedRev
266F806234,132-55-3084,6692957279,FL,33487,12/23/2019,4640,65263,72,PVIP,3088.46,MedRev
370L126927,629-78-0753,4897107055,CA,94177,9/30/2019,9091,52571,65,PPOW,9473.65,Release
672I301536,814-68-7553,3101096027,VA,24034,3/6/2019,4221,82341,52,PDUP,6921.69,MedRev
801C451066,503-93-8725,6473665541,AK,99790,5/14/2019,184,V4575,52,PPJB,9799.35,Release
170Z138298,603-22-7443,0002413372,IN,47937,1/22/2019,9531,E9328,65,PPOW,522.11,Release
174J752889,749-96-2319,2374981486,NY,11241,7/1/2019,6019,01114,20,PVIP,1188.74,RePend
900C010706,500-64-6507,9094855164,CA,93005,12/27/2019,9384,65213,23,PPJB,2457.75,Deny
549D282243,499-84-6160,0145489381,ID,83206,8/2/2019,3500,4789,65,PDLB,9235.31,MedRev
885E612239,429-60-7056,6868363655,IA,50362,7/22/2019,3772,6169,20,PVIP,2830.44,RePend
917H924284,840-23-4888,7763076349,TX,79710,4/12/2019,9705,71918,52,PPOW,991.84,Release
568H108779,344-65-7373,2578638932,FL,34102,3/8/2019,3867,71174,23,PPOW,4824.93,RePend
950P365950,455-47-3719,4179194514,IL,62525,2/2/2019,1689,E8160,17,PDUP,4410.48,Release
986H690158,248-61-0984,1879821003,CA,94544,3/17/2019,1191,0841,72,PPJB,9080.5,RePend
027V048510,681-45-2715,9961246466,AZ,85010,3/20/2019,8294,01740,31,PCOB,6970.23,Deny
244G538536,619-90-3669,9195393918,VA,22070,7/15/2019,4195,36132,22,PAUT,9799.71,Release
771M784403,234-51-8011,2773540430,NY,14619,3/27/2019,5785,7761,81,PPOW,844.56,Release
702O779171,142-38-6727,6680544269,NV,89519,12/3/2019,0741,2371,52,PVIP,848.68,Release
882Q924005,514-47-0027,2455385942,NE,68105,1/23/2019,5634,E8323,65,PDOK,9205.46,Release
146C588087,106-17-1573,2078830392,GA,31410,5/16/2019,1921,E9353,81,PPJB,6251.49,RePend
131R342371,163-78-6480,6204264581,MN,55551,9/24/2019,8775,30275,11,PPJB,8832.56,Deny
886G377457,293-83-8229,0071404448,OR,97240,3/24/2019,0132,71820,11,PVIP,4258.69,Release
263T106845,444-44-2489,3547711231,MS,39505,3/26/2019,7491,64963,72,PDLB,1517.56,Deny
578B816126,309-01-9130,1095012210,CA,90040,11/23/2019,7538,75654,65,PDOC,2762.78,RePend
979U589813,586-47-8920,6275801566,MO,64149,6/23/2019,8535,37220,20,PDUP,5458.14,RePend
969Z567514,802-25-6324,5187327173,DC,20299,1/11/2019,3511,41000,22,PAUT,6021.05,Release
669H900983,206-33-5073,9321002690,NY,10474,12/22/2019,251,37263,12,PDLB,9915.21,RePend
497O607652,410-25-9522,5248360735,NC,28805,9/25/2019,5199,20042,81,PDOC,594.15,MedRev
459K510978,413-39-0349,6123336919,NE,68510,9/19/2019,1286,37821,17,PM5R,1905.17,RePend
590P443766,672-32-6108,0976400163,NY,10009,7/19/2019,8897,01655,81,PDLB,8662.1,Release
275O254433,562-07-5067,7653060965,TX,78245,11/18/2019,7029,67422,22,PPOW,371.41,RePend
135Z274189,731-45-7050,1431781346,NV,89505,3/9/2019,8955,9159,81,PAUT,5370.31,Release
551W904180,453-26-6116,0446284489,IL,61605,3/3/2019,6697,V193,31,PDOK,6771.53,RePend
771T492529,667-42-4749,1863617646,TX,78296,4/3/2019,8828,33943,52,PCOB,2569.39,Deny
174S132840,243-71-3533,6463947816,VA,23242,11/19/2019,9509,30748,23,PDUP,2893.58,RePend
316B593111,473-59-7383,4882186757,OH,43635,4/4/2019,9733,84502,11,PDOC,6484.9,Deny
314Q498333,568-25-2254,4477685034,NY,11215,4/28/2019,9722,94312,23,PVIP,3534.02,Deny
231A886345,165-50-6182,6818969608,TX,88558,11/30/2019,0444,37743,11,PM5R,3945.52,RePend
090X160135,567-72-7237,2339199944,IA,50936,11/7/2019,0511,65693,11,PCOB,9616.02,MedRev
183T588738,820-41-0346,6666865183,TX,75037,12/26/2019,8303,V556,22,PPOW,1026.21,Release
578S542941,449-34-5316,0447256784,CA,93721,3/5/2019,9125,66994,81,PDOC,537.1,RePend
935I253261,800-60-7006,4689446079,ND,58505,5/8/2019,4106,94526,17,PAUT,6546.58,Deny
428N522589,308-72-8399,8107694249,DC,20591,7/22/2019,8777,59789,81,PCOB,5498.98,Deny
142U924814,502-30-6731,5782343055,OR,97296,11/9/2019,3551,V812,22,PVIP,3312.02,RePend
782K708842,754-59-0125,7831906156,CA,92056,8/17/2019,8397,75656,52,PVIP,6204.41,RePend
700Y131646,464-65-1085,0500598999,MS,39282,7/19/2019,8723,75530,17,PPJB,2568.99,Deny
657N876437,590-34-3639,4546719705,DC,20022,4/9/2019,6015,9135,81,PDOK,3178.69,MedRev
830U935599,813-57-2397,1568386479,NY,11024,8/16/2019,8587,V782,81,PVIP,8896.06,RePend
596F339541,165-90-1568,0186081384,NC,28235,7/5/2019,8362,0940,65,PPJB,4801.34,MedRev
028R692973,680-89-4912,8298984022,TX,88525,4/2/2019,8848,76061,23,PDLB,7808.4,Release
175U510039,189-16-8527,7169234714,FL,34985,5/28/2019,4834,1518,23,PM5R,9313.95,MedRev
428B742943,454-18-4243,2331829834,AZ,85255,12/15/2019,8967,V5972,52,PDOC,8505.29,Release
503S711931,850-70-1991,9814458968,IA,50936,10/30/2019,1641,E9409,31,PDOC,4348.49,MedRev
493J649342,127-10-7262,5060008887,LA,71166,11/5/2019,4835,79412,52,PM5R,6265.28,Release
285W510934,730-10-6312,2403338774,AZ,85748,4/4/2019,835,E8051,65,PVIP,101.94,RePend
644B427952,550-27-5702,7113786861,VA,22212,8/4/2019,8721,7627,20,PDOC,5358.38,Release
677T392731,172-06-1868,0499227666,AR,72222,11/3/2019,8714,7389,11,PPJB,3937.18,MedRev
620X479246,408-20-4842,8794429703,OH,43268,2/12/2019,9364,37132,12,PDLB,6452.16,MedRev
496M481479,366-37-6884,0338994106,SC,29610,4/13/2019,7923,7355,65,PDLB,1531.17,MedRev
136F810396,662-87-7524,4335382049,LA,71130,8/17/2019,1689,5260,52,PPOW,3543.99,MedRev
995G986797,259-92-4250,6849718416,CA,94154,7/23/2019,3999,94254,22,PPJB,5680.63,MedRev
400B554648,345-86-2021,8843005597,VA,22096,7/12/2019,3378,2443,11,PCOB,6210.12,Deny
403K205359,515-80-6469,9923861231,TX,75221,12/9/2019,8165,53510,17,PDOC,7425.44,RePend
875G905853,818-07-0191,8183140032,CA,90005,2/4/2019,9196,73079,31,PDOK,809.65,Release
887Q831579,564-53-1469,6918717502,TX,78285,10/14/2019,3808,8438,52,PAUT,558.47,Release
217I397113,348-82-4151,3157717315,TX,77554,10/27/2019,9942,9301,65,PPOW,8041.7,Deny
061K846280,464-01-3478,3018344113,OH,45426,4/8/2019,8059,V063,52,PCOB,3460.27,RePend
942F448667,275-99-4814,2057564186,FL,33185,2/28/2019,4512,1361,65,PCOB,4000.71,RePend
184W843102,696-45-2337,5653346572,MD,20851,1/18/2019,7987,3089,22,PDOC,878.79,Release
887I801376,630-08-2638,1560494343,CT,06816,4/16/2019,8882,42841,12,PAUT,2435.44,Release
286F503205,322-28-7962,9625115970,CA,94286,8/1/2019,4651,V5832,17,PCOB,1991.91,Release
972C235077,729-21-2432,4221848025,TX,78250,2/23/2019,184,30112,11,PPOW,6950.64,MedRev
468Y534255,468-32-8866,1164739081,WI,53210,9/28/2019,7252,34560,81,PPJB,9522.25,Deny
541O468188,588-30-2484,8593018654,TX,76705,12/12/2019,3796,36803,23,PDLB,4745.53,Release
075F187527,408-46-1098,9247666815,FL,33175,1/31/2019,7179,E8542,31,PDUP,2703.18,RePend
680E880686,111-60-8841,1745838686,OK,73142,10/27/2019,1529,72191,11,PDOK,4458.74,MedRev
807J874473,199-26-3901,1486627710,DC,20535,11/24/2019,3563,99687,52,PPJB,8808.65,Deny
651H589628,283-64-8459,4262735384,FL,32808,8/31/2019,3226,65691,31,PDUP,1554.41,Release
693T363058,492-28-0912,0870548298,WV,25775,9/20/2019,0862,24221,65,PM5R,2704.23,MedRev
830G692758,611-14-2910,7049745398,NY,11044,11/13/2019,3148,E8620,23,PPJB,4878.73,MedRev
865V563263,229-37-5043,3682168726,CA,94237,3/22/2019,8481,32089,23,PM5R,6952.54,MedRev
440C735099,235-30-5398,6434595722,AL,36119,4/22/2019,8133,96900,52,PAUT,4582.48,Release
811S286321,456-51-8626,8972161534,OH,45208,4/20/2019,8194,47826,11,PDOC,4146.67,MedRev
024A801648,864-93-7690,6397536583,CO,80925,5/4/2019,585,28268,12,PDOC,5944.98,Deny
744B437105,885-98-4722,7966432292,MN,55123,2/19/2019,9461,5204,12,PPJB,2353.12,RePend
759Y096975,781-77-3108,1961469520,TX,79452,1/4/2019,260,3071,20,PCOB,410.34,Release
046L637052,553-54-6111,3632418042,IN,46634,4/17/2019,9305,V1309,23,PAUT,6356.91,Release
477G763902,880-40-6826,1911065636,CA,93407,9/24/2019,7974,V7388,65,PDLB,3379.99,MedRev
449B346985,455-27-3133,7202638280,TX,79415,3/17/2019,9713,07950,52,PDLB,305.32,MedRev
618B970147,108-86-5491,2312923957,PA,15220,1/19/2019,9341,01226,22,PPOW,6823.75,MedRev
903E182770,811-06-6713,3884746015,DC,20591,12/17/2019,6389,V8538,72,PM5R,1407.84,MedRev
164K262432,629-88-6784,9785804655,KS,66215,10/15/2019,7905,920,22,PAUT,4134.28,MedRev
955Z775326,146-56-3360,9231626554,CA,90405,2/13/2019,9154,92232,20,PDUP,937.96,Deny
628V566949,826-29-3720,6159757106,LA,70805,12/19/2019,0768,48811,22,PDOC,4885.66,RePend
123K312654,780-18-6944,9716969554,OK,74156,8/25/2019,0476,64244,17,PAUT,9393.92,Release
612C673939,172-77-4624,1911315570,TX,88563,12/22/2019,8594,7765,52,PCOB,5401.74,Deny
686R911227,162-95-9845,6700403495,FL,33064,12/27/2019,3752,78091,12,PDOK,752.42,Deny
799Q126232,111-37-3425,5862522199,ID,83732,3/1/2019,8040,V1020,11,PVIP,8880.15,Release
302J520831,230-57-2545,5574738958,UT,84199,4/27/2019,5369,65261,22,PDLB,6841.78,Deny
304X180474,387-88-7623,1131707757,ID,83711,9/10/2019,2161,V417,52,PDOC,258.75,Deny
754Y955725,372-34-6964,8208818934,NY,10115,12/27/2019,0751,65680,52,PPJB,7118.48,Deny
165X058030,499-51-3599,0358438352,HI,96840,12/23/2019,7055,94896,11,PDUP,3517.1,Release
945L944689,129-84-9396,3897324268,AL,36605,9/12/2019,8005,74346,22,PDOC,3400.99,Deny
594X173509,799-13-2398,9051269976,TX,77276,10/12/2019,9231,09484,65,PAUT,6171.14,MedRev
142N265978,717-05-7988,4765609888,MA,02162,1/26/2019,754,E8744,12,PDUP,6505.31,MedRev
016R893300,158-44-2906,4366184382,IN,46852,9/20/2019,8121,63492,65,PPJB,9177.03,RePend
508C695947,758-58-8609,5882409271,FL,33345,2/24/2019,8834,65641,72,PPJB,1015.49,Deny
595C331522,801-66-6444,9429784392,AZ,85743,9/16/2019,3800,E8413,11,PDOK,1787.79,RePend
891C851310,320-17-2794,3472869623,FL,34643,7/3/2019,8035,94151,22,PPJB,9094.45,Deny
511N046258,437-38-6383,7176219595,MN,55448,1/15/2019,8452,E9831,17,PAUT,7888.81,RePend
242Y434184,141-82-7342,5422675222,TX,88574,6/9/2019,4525,73005,23,PAUT,9862.33,MedRev
092T549144,609-16-4586,0137734056,WV,25775,10/31/2019,3201,17340,20,PPOW,7729.09,RePend
426F154110,884-24-0720,3126339831,KS,67205,12/2/2019,1033,94133,52,PDLB,1507.62,MedRev
498K604673,635-69-6901,2991671259,CA,94089,6/22/2019,6949,33922,81,PDOC,9740.7,RePend
746B731503,126-55-2213,1586574800,TX,75277,5/19/2019,9645,01086,23,PVIP,9147.57,Release
091O465882,371-43-0055,2176013593,VA,23471,10/10/2019,4563,64791,31,PDLB,4665.46,RePend
830M804492,852-31-4526,3563346995,NY,10270,4/13/2019,4829,1458,17,PCOB,9700.73,Release
384G395449,733-02-2868,8205730294,SC,29505,6/21/2019,0601,3301,17,PVIP,6980.99,Deny
151X553666,341-98-5306,9546874113,AZ,85083,5/18/2019,1253,73025,65,PM5R,8321.03,Deny
543L794936,252-29-1172,7629348897,CO,80305,1/2/2019,9199,80396,65,PVIP,7456.91,Deny
266O767838,124-34-4138,5684112351,TX,75265,7/20/2019,4875,8974,20,PDOK,6272.25,Release
116S723096,611-76-6876,6157364029,IL,60641,2/6/2019,9605,37681,22,PPOW,7118.26,Release
545U866065,475-88-0555,4505352385,NC,28235,11/2/2019,7859,1873,31,PDOC,1601.24,Release
439F192280,350-46-3562,9412857728,DC,20392,5/20/2019,2094,20966,31,PCOB,286.42,MedRev
065H871193,416-78-6170,2972845220,FL,33742,7/10/2019,0014,82533,12,PDOK,5451.23,RePend
439J370829,780-17-0446,2323917346,TX,77245,1/14/2019,2724,65450,12,PPJB,8225.85,RePend
441H406478,876-16-7208,2617703059,TX,76598,3/9/2019,5375,83113,81,PAUT,3582.47,RePend
129L793884,166-20-3570,5758701617,PA,19115,3/20/2019,0201,20007,11,PDOK,456.88,Release
512D231120,271-69-9755,9542968526,IA,52804,7/4/2019,3815,64252,22,PAUT,3740.44,Deny
872I365029,279-43-9002,7788570703,TX,77505,1/28/2019,0601,9747,72,PCOB,5255.95,Deny
473A654656,742-19-4112,0038472281,CA,94154,1/17/2019,8022,81231,17,PDOK,9664.14,RePend
310X504821,126-67-7192,7873355308,GA,30311,11/4/2019,9173,66091,11,PDOC,238.55,Deny
297T497133,122-74-6681,5772786298,MN,55598,12/5/2019,4641,20125,22,PDOK,6474.14,RePend
008X655768,192-71-3066,1019804910,WV,25709,6/18/2019,4263,73013,31,PM5R,4788.25,Deny
552Z100591,483-57-3414,6567027250,WA,98516,5/3/2019,8550,65630,65,PAUT,2974.62,MedRev
695U654854,773-59-9833,8400198405,TX,88584,8/20/2019,8053,63440,31,PVIP,3607.6,Release
189P037025,144-88-0981,7245746989,MI,48335,8/18/2019,5842,4612,12,PPJB,8540.25,MedRev
391J045021,120-55-2725,2137974837,CA,91520,9/20/2019,9305,0855,31,PDOC,6157.09,Deny
265G582152,494-21-0229,9635911820,IN,47812,4/20/2019,7931,80619,17,PVIP,2498.02,Release
018N790251,698-44-9529,5152053475,OH,44310,12/4/2019,7716,30722,52,PPOW,3403.64,Deny
532L897764,883-62-3244,8980584756,GA,31405,7/4/2019,8493,83669,22,PPJB,3280.84,Release
016W073973,102-24-9977,6511926626,TX,77276,2/13/2019,3617,66584,11,PDOC,7099.45,Release
844G598130,898-22-6056,2848665950,CA,95173,3/5/2019,9753,V7211,52,PPOW,5786.02,MedRev
992G954077,584-55-4324,3052633075,VA,22119,6/21/2019,3991,36816,20,PVIP,3581.11,RePend
529Y551951,271-45-6969,7156769858,ID,83757,6/9/2019,9724,27700,11,PDLB,8544.52,RePend
692D413566,581-15-4459,7327056117,OR,97271,1/8/2019,8408,2366,12,PAUT,4966.63,Release
177V961655,305-79-0198,1485537405,TX,76110,8/4/2019,8087,9039,52,PVIP,168.45,MedRev
424D889773,307-39-0453,8358127619,FL,33686,4/19/2019,0309,V532,12,PPJB,1870.03,RePend
538R177869,224-43-1261,3314364328,DC,20268,6/21/2019,1411,53019,12,PDOK,2949.66,Deny
064D492414,211-29-3167,4861957217,FL,33487,6/21/2019,7646,E8261,52,PDOK,8493.04,MedRev
721X080890,434-29-7669,9193130311,TX,75216,11/21/2019,7855,7488,20,PDOK,7156.22,Release
029S328158,355-07-1499,6052434077,CA,92805,9/5/2019,8664,33701,17,PDLB,5015.19,MedRev
151J898984,883-81-5906,5315646763,UT,84093,6/22/2019,7915,7511,22,PDOC,378.19,MedRev
771Q462517,738-79-7683,8220211336,CA,92662,9/16/2019,9427,59789,81,PDUP,2046.68,MedRev
606Y460540,480-91-2488,4201183775,UT,84125,10/14/2019,8543,37733,81,PAUT,3038.61,Release
709B052638,515-18-5835,9256071926,PA,17140,1/13/2019,8919,E9909,65,PDLB,6203.96,Deny
495V022429,845-92-8487,2784786312,FL,33961,1/18/2019,5159,3532,12,PDOK,2907.99,Deny
843H380876,645-73-5531,7243923103,OH,44105,9/26/2019,8897,73095,72,PPOW,6233.91,RePend
681B110782,572-79-1805,5598088709,DC,20442,12/6/2019,9464,9163,72,PDLB,3512.32,Deny
106D563979,329-34-8232,6036693114,FL,33147,4/4/2019,605,32381,52,PDOK,5670.19,Release
447F954190,405-89-1955,1118213191,MA,01654,9/10/2019,9671,99709,72,PPJB,6724.83,MedRev
654F905219,485-86-8320,6963956652,KY,40205,4/3/2019,3323,82533,65,PPJB,3576.74,Release
456P353751,758-13-8495,8232772469,GA,30375,5/22/2019,1252,74312,31,PVIP,1608.07,Deny
699Y433110,849-84-0394,7908952341,WI,54305,10/21/2019,8953,52460,65,PPJB,9252.72,MedRev
634H512371,288-82-5345,3775641269,DC,20525,10/15/2019,9049,9055,23,PDLB,7663.62,Deny
577Q984946,150-08-9112,3297975252,IL,61110,11/30/2019,9927,V9109,65,PAUT,3816.95,RePend
211T508639,101-74-8846,6037149839,OR,97255,5/27/2019,0952,01164,17,PAUT,806.13,MedRev
395P893859,120-99-0778,6412117372,NM,87121,4/8/2019,8707,74921,20,PDOK,4560.99,MedRev
597N294810,274-11-5043,8053496028,NC,28263,5/31/2019,5022,94114,17,PDOK,3495.4,RePend
021M432388,881-22-3339,5077027245,AL,35236,10/9/2019,7790,V7285,65,PDUP,1500.92,Deny
217W479501,121-07-9265,7029664173,FL,33731,5/17/2019,8595,52451,72,PDLB,7933.3,Deny
230S685025,444-97-1512,2976617845,OH,45249,4/11/2019,8909,01326,52,PDOC,9723.45,Release
566U338641,121-65-9386,5127560677,AL,35242,3/29/2019,7752,6272,11,PCOB,5853.55,Deny
236B869914,764-51-3795,2872239847,PA,19605,9/17/2019,9169,9990,81,PPJB,7216.77,RePend
808P727134,659-53-0115,7399168664,CA,90805,10/29/2019,9095,86112,72,PCOB,9409.36,Release
165Z055204,703-16-5534,4168442108,TX,79452,3/5/2019,4543,67194,31,PPOW,662.53,Deny
996M066054,483-32-7639,9331530975,SC,29579,9/1/2019,8074,77083,81,PAUT,4316.25,Release
985Y136191,475-30-1956,8154571334,TX,79955,3/14/2019,9639,05821,81,PAUT,461.45,MedRev
707N581000,710-76-6143,8017886024,CA,90060,4/24/2019,4526,80391,81,PDOC,9142.05,Release
238O656327,777-82-7644,4418520245,MN,55188,5/1/2019,3732,9192,12,PM5R,2831.23,RePend
416Q855901,208-46-8274,5521206256,FL,34620,12/9/2019,4063,9052,20,PDUP,6080.23,Release
163R717457,661-32-3719,5475376562,DC,20535,3/28/2019,8765,0931,22,PCOB,5604.58,RePend
013H165600,261-20-3789,7792097380,PA,19178,6/20/2019,4671,44289,11,PPJB,3119.87,MedRev
402P036865,637-11-0881,0917999070,FL,34290,7/26/2019,3249,01360,23,PCOB,6264.0,Release
145Y405021,811-65-5742,7942393645,GA,30323,11/24/2019,5019,0812,22,PDLB,8420.07,Release
431H769892,409-01-7237,3547889196,FL,33610,8/6/2019,9133,81401,11,PVIP,9502.42,RePend
330S337327,647-16-1056,9980071655,VA,23324,5/18/2019,1769,01183,11,PDUP,6178.11,Deny
610Y350684,517-11-2452,7203414268,VA,23225,9/3/2019,6373,V143,23,PM5R,7791.98,MedRev
630S999794,552-35-7521,2210185111,OH,44720,3/21/2019,3831,01503,17,PDUP,1732.6,MedRev
448R545594,888-29-2850,3523913476,CA,90045,8/1/2019,7718,29681,17,PPOW,4530.29,Deny
177K636391,100-70-0693,9562158205,CA,92415,5/2/2019,2172,7014,20,PDOC,5476.6,RePend
858Q208190,864-93-5332,0759279461,TN,37250,3/20/2019,3835,5276,31,PM5R,2443.45,Release
140G442507,271-14-2594,5512585860,TX,78754,12/21/2019,8662,9058,72,PDUP,1049.75,MedRev
873P214569,336-41-5352,0343477357,MI,48550,3/23/2019,4311,36253,81,PDOC,4589.34,Deny
174R792842,223-06-6231,7833869253,NY,14263,4/17/2019,8803,01194,81,PPJB,4364.67,RePend
206G370286,165-40-9187,5147903170,CA,92513,7/9/2019,3949,V623,65,PDOK,2775.14,MedRev
331W673449,387-97-1225,4649543966,WA,98008,5/15/2019,5674,92619,72,PVIP,2137.05,Release
184X188032,594-48-6294,3161450920,IL,60691,12/15/2019,744,01513,20,PPJB,6406.21,Release
783M495093,615-21-5322,6990390596,MT,59105,6/17/2019,7927,2102,72,PDLB,7373.2,MedRev
751C879670,873-88-5073,6252228076,NC,28815,5/25/2019,8349,7212,12,PDOK,5592.43,Deny
524G414389,622-35-3877,4686454859,KS,66225,1/9/2019,9466,38421,31,PDOC,1925.69,Deny
426U780137,864-29-9196,8462674435,OK,74108,6/11/2019,1211,71956,31,PPOW,9509.73,Release
100O256786,653-03-5524,7108694582,AL,36195,5/29/2019,8773,67131,52,PDOC,4643.89,MedRev
065A431791,165-65-6221,8963987011,TX,77065,4/24/2019,8906,9067,11,PDLB,5001.27,Release
652U161104,592-08-5816,2679503135,WA,98042,5/14/2019,7867,9910,52,PVIP,4558.91,RePend
521B272319,841-59-2478,2194924374,AZ,85297,8/25/2019,3551,E8387,11,PDOC,6062.17,Release
809W086549,867-59-0435,5476966729,NY,10019,6/6/2019,4701,0308,12,PDLB,9832.66,RePend
789K801031,443-19-4584,9309463107,MN,55436,10/25/2019,3852,95892,81,PCOB,6983.47,Release
216X083419,527-37-0809,4100737628,LA,71213,4/10/2019,9908,4111,65,PM5R,2339.9,RePend
386H258429,558-59-1837,8260988615,SD,57110,7/15/2019,8387,71225,65,PPOW,3686.0,Release
872J128625,686-47-0154,0113775010,CA,90076,7/21/2019,9714,55200,17,PDOK,120.0,Deny
087O536299,371-21-7988,5580886646,IN,47905,9/19/2019,9455,E9675,65,PDOK,4317.25,Deny
890C137569,554-74-3990,3163606680,LA,70179,5/30/2019,7941,71874,65,PDOC,9715.66,RePend
034C209379,435-01-4546,3499993896,AK,99512,4/23/2019,8693,36052,20,PCOB,5390.65,Release
261L461358,624-64-1153,3170772699,MA,02203,1/5/2019,7908,73005,52,PPJB,5560.21,Deny
867A666788,851-92-1744,4978190159,CA,93381,10/1/2019,4952,V175,17,PDLB,7289.18,RePend
834H123901,165-93-5768,3515658294,NY,10310,2/5/2019,3572,55302,20,PDUP,4546.33,Release
977M212187,291-18-5569,4241598547,CA,91210,11/26/2019,1831,80375,81,PCOB,4793.02,MedRev
129G793592,197-42-3831,8612214281,OK,73173,11/3/2019,3728,85196,81,PM5R,7741.41,Deny
227C749161,138-50-5190,8381467445,TX,75372,8/12/2019,5351,20101,22,PDOC,4358.01,RePend
462F452584,741-33-0222,4683789368,CA,94807,8/15/2019,835,84511,72,PCOB,482.75,RePend
140P571964,382-53-0390,5393665546,MO,63116,6/29/2019,260,79929,12,PPOW,4578.43,MedRev
297F491565,582-20-4563,0973381777,NJ,07112,6/29/2019,3825,V029,11,PPJB,8582.02,Deny
482V027094,642-50-5582,0848860054,FL,32605,7/23/2019,3143,77983,31,PPOW,5281.27,Deny
366O008642,690-58-4142,1578629882,CA,92862,4/23/2019,1711,81001,81,PDOK,3285.13,RePend
301I922681,249-31-2571,6424878761,TN,37939,8/12/2019,4640,V1552,31,PDOC,8832.44,Deny
212Q259730,355-19-3376,4966120620,NM,87121,8/1/2019,9906,5970,23,PVIP,8801.29,RePend
012E715431,110-45-5770,6270206758,KS,67220,7/8/2019,1274,E8375,31,PDOK,6088.37,RePend
341Y112496,769-15-7683,2213453420,CO,80925,4/20/2019,3423,78865,72,PDOC,4192.63,Deny
387X409861,689-04-7207,9014880833,WI,53215,3/9/2019,5721,V8802,52,PPJB,3872.89,Deny
610W288926,243-81-6431,6216461660,OH,44305,6/11/2019,4102,E9410,23,PVIP,4665.25,RePend
146N054992,393-49-6274,9297266255,MN,55172,10/2/2019,3535,42099,52,PDUP,3370.2,MedRev
492F447623,447-19-2595,6882623642,LA,71213,1/8/2019,1713,76492,31,PPJB,8902.09,RePend
980Q563567,389-43-7471,9814725441,CA,90050,12/30/2019,504,5963,81,PVIP,3041.61,Release
439Y412911,815-93-2747,7884333227,TX,75236,11/9/2019,9013,70706,22,PPJB,8928.69,Release
116Y068812,427-80-3391,0007741927,TX,78754,1/9/2019,8811,20979,23,PDLB,8000.31,Release
536U360664,828-40-8353,7243423346,TX,79118,3/25/2019,0841,73032,17,PVIP,3153.12,Release
441G900079,157-41-5894,1524601815,OK,74103,10/13/2019,4602,061,31,PDOC,7475.77,MedRev
170N514804,836-59-6126,0429025060,AZ,85219,12/8/2019,7938,81200,52,PCOB,4517.35,Release
798P603548,693-09-2119,4149530763,NE,68110,1/28/2019,7011,79539,17,PAUT,4038.07,Release
924F107429,466-03-1854,8309062918,TX,78044,10/10/2019,3239,01722,72,PDLB,2564.13,Release
834V528321,553-28-6840,4498601706,MN,55115,1/18/2019,8708,1428,22,PCOB,245.92,MedRev
551Y573614,312-87-9356,2701539214,PA,19093,7/25/2019,8690,E8411,72,PPJB,9551.06,MedRev
354B169597,291-82-2527,0024114030,AZ,85260,11/15/2019,7594,1405,31,PCOB,1921.15,Release
558M120750,448-71-9229,3966360816,MD,21684,5/18/2019,199,6230,11,PDUP,5466.01,RePend
451S130057,797-99-5912,9489961847,CA,92121,4/12/2019,1433,8483,11,PDOK,8754.42,RePend
510A254871,664-45-6376,4675226490,MN,55441,1/13/2019,0023,9848,72,PVIP,9041.3,Deny
932S023636,397-49-2371,4235756819,TN,37410,7/4/2019,1809,31381,11,PDOK,3761.14,MedRev
062I170076,167-15-2963,8385036315,MT,59112,1/25/2019,8172,72811,72,PCOB,573.5,RePend
670E978548,340-75-3625,7496390379,KY,41905,7/16/2019,632,9351,52,PAUT,4163.05,Deny
166K527801,334-37-5418,0042838811,AZ,85067,6/26/2019,8802,64864,65,PVIP,5134.78,RePend
972T939555,349-60-8788,7814984051,OH,44705,3/18/2019,4862,E911,22,PDOC,155.6,RePend
536W035966,254-71-0155,6915175832,NY,12305,4/6/2019,8754,3300,31,PAUT,9459.72,Deny
964R729087,700-43-6830,8173707367,MI,49505,12/22/2019,7221,9651,20,PM5R,5940.86,MedRev
306B886965,834-74-2630,6681680343,NC,27717,11/27/2019,7703,3154,22,PDUP,1594.09,MedRev
779R372666,362-86-7989,7218586952,NV,89130,3/8/2019,341,71980,17,PM5R,4935.21,MedRev
391D204525,423-65-2428,8693189877,FL,34282,3/28/2019,3507,1020,11,PCOB,1047.47,MedRev
505O634836,175-47-9957,8519233376,CT,06705,1/15/2019,6602,81242,52,PPOW,8186.3,Release
876M277811,428-81-7193,0254172478,TX,75221,12/17/2019,7896,1408,22,PPJB,6211.12,Deny
974L591561,246-19-7813,2775967118,TX,79999,2/6/2019,8028,E9530,22,PDUP,6355.92,MedRev
617D967614,870-51-8921,7294251022,NV,89105,3/11/2019,4719,83651,12,PDOK,5037.66,Release
319B194233,153-89-7083,3494135038,AZ,85383,7/6/2019,4825,E9494,31,PDLB,6094.56,Release
647E825000,664-34-9723,8028372101,NY,10292,3/12/2019,8840,73032,81,PDOC,791.99,Deny
819N828729,215-14-4289,3433200812,NV,89130,7/25/2019,9051,28269,72,PDOK,7589.66,MedRev
471H922993,472-73-3692,5325435809,SC,29505,10/28/2019,9181,01105,11,PDOC,3962.4,Deny
484E737915,642-06-2990,4324626736,TX,88584,7/21/2019,2009,9670,17,PPJB,8864.14,MedRev
649S869852,504-22-6119,3076822014,CA,95833,11/27/2019,4864,65563,52,PCOB,3841.05,Release
028H465041,768-60-4224,9523952854,IL,60193,1/14/2019,9910,42518,11,PDOC,156.4,MedRev
645M549492,775-06-3836,3423962046,PA,18706,6/15/2019,5380,69553,12,PCOB,168.86,Release
791Z168404,244-41-7255,7092606420,GA,30380,6/2/2019,4251,30652,65,PDOC,3893.11,Release
446I108612,803-87-0430,9259692823,FL,33111,11/12/2019,9985,53019,12,PDOC,9566.22,RePend
049H149176,290-79-1246,5649045535,CO,80951,5/17/2019,3250,7989,17,PDOK,706.84,RePend
885D857623,689-38-3199,0735206615,CA,92415,2/17/2019,9644,4329,23,PDUP,4521.31,RePend
431H166319,290-03-5900,1046715274,OK,74149,4/13/2019,3492,71613,81,PDOC,525.63,Deny
547J572128,157-23-7701,2277661764,MD,21684,4/15/2019,4674,5560,11,PDOC,5257.33,Release
304G893471,243-73-8231,1409870388,DC,20319,4/13/2019,4639,V036,65,PDLB,4128.48,MedRev
059W532823,529-86-6330,0522226844,GA,30245,1/29/2019,8156,7854,81,PDOK,2531.62,MedRev
157J035976,624-53-4741,1631174925,VA,22212,7/9/2019,0399,37502,52,PDUP,2769.58,Deny
875K874556,154-82-4743,3536969948,MS,39282,1/10/2019,0329,9730,20,PDOK,5877.28,RePend
803X697279,677-58-5395,1522373140,MI,48295,2/13/2019,0511,4449,81,PPOW,5902.5,MedRev
523T201614,467-22-6875,2033330042,IA,50936,4/29/2019,8405,80605,20,PM5R,5226.83,MedRev
322T831673,787-31-4312,4247118250,WI,53285,10/24/2019,283,63600,81,PDLB,6963.48,RePend
729E832514,813-69-2463,2924074401,KS,66606,7/28/2019,326,36457,12,PDOC,2610.67,RePend
597V330731,267-06-6116,1616195461,FL,33185,7/5/2019,8291,94225,81,PCOB,9401.46,Deny
651V709391,457-92-9263,4191922455,NY,13205,2/3/2019,4221,71154,65,PDOC,9939.86,Release
992R850043,681-77-4923,3355047033,WA,99215,9/24/2019,8774,81310,52,PDOC,4574.71,RePend
102P229735,164-55-7143,2529194601,WA,98158,11/20/2019,6292,V4614,23,PCOB,9948.25,Release
220J330361,494-51-6670,0548816362,MI,48076,5/31/2019,7810,E9678,12,PPJB,9654.86,Release
264X652297,884-08-7175,4484944553,NY,10203,5/29/2019,0117,8675,52,PDOC,8968.75,Release
095E086434,168-07-8614,0964577300,TX,77030,10/14/2019,9016,52100,17,PPOW,1147.89,Release
915M586012,836-02-7003,7633602384,WA,98442,5/19/2019,244,0380,52,PCOB,4194.83,MedRev
449I114689,662-13-4847,1814392344,CA,95064,5/27/2019,8953,8364,11,PDOC,4305.9,Release
997L696788,762-48-4740,1619671520,PA,15134,3/7/2019,0014,01320,11,PDLB,2698.92,RePend
522Y009757,525-17-8898,1968325357,CA,94147,11/27/2019,9626,04103,12,PCOB,5680.29,Deny
805U847253,248-44-8588,8216641271,TX,77090,7/22/2019,9601,1216,31,PCOB,5673.41,MedRev
926L246260,640-63-9156,7396513290,AZ,85010,10/10/2019,3225,30460,20,PM5R,9612.12,Release
050V421666,443-18-4000,8428982033,IN,47732,7/8/2019,3983,E8040,52,PDOK,6728.41,Deny
423D223543,623-07-5832,3208521421,UT,84130,1/12/2019,8785,4148,12,PM5R,9685.12,Deny
225Y686737,895-73-7387,5922370612,GA,30323,12/9/2019,1422,81301,12,PDUP,6492.98,MedRev
441I302734,775-81-3737,9556390045,DC,20599,2/10/2019,7827,71140,20,PDOK,8291.37,MedRev
063H545835,439-10-5765,2483304491,WV,25711,10/29/2019,9230,37990,20,PCOB,7525.86,MedRev
127L788329,377-93-5682,0763500486,NC,28215,12/25/2019,6394,V624,12,PDOC,5272.35,Release
270I658685,256-70-1280,1228333806,NM,87180,8/7/2019,8766,V4579,81,PDLB,9157.21,Release
122W344615,539-23-9568,2661977626,NM,87592,9/25/2019,031,74901,31,PPJB,9179.82,Deny
001G424939,220-72-0763,4494256609,MA,01610,2/10/2019,8147,80379,22,PDOC,3603.65,RePend
669P504033,313-10-3932,7821008436,WI,53277,10/19/2019,9902,7527,22,PCOB,4470.33,Release
397Q662639,282-30-0068,9030509011,OK,74108,11/14/2019,3975,7290,72,PCOB,1060.99,MedRev
361Z306056,466-70-7293,2287634501,MD,21229,7/23/2019,8173,65381,81,PDLB,9022.32,Deny
301Y505330,373-57-2372,9896217076,AZ,85077,6/13/2019,3525,E8254,52,PDOC,5531.45,MedRev
560A759039,688-02-1033,4468066232,VA,24503,2/3/2019,715,9564,72,PPJB,6205.8,MedRev
208K247929,100-31-9757,6449403512,AZ,85271,12/21/2019,7061,6959,22,PAUT,3502.74,MedRev
318M245506,867-17-4093,6340049406,CA,92424,10/17/2019,3889,99678,31,PDLB,9843.32,Deny
254A734308,783-19-1848,7438900985,MA,02298,8/11/2019,7910,1281,17,PDOK,6232.35,RePend
844I651982,105-84-7028,6827913034,CA,90398,3/7/2019,0065,66800,81,PVIP,8559.63,MedRev
111O651583,141-94-3061,8708005688,NY,10160,5/26/2019,9986,99667,22,PDOC,886.08,Release
935O134613,640-14-1796,3408679342,MA,02305,1/28/2019,8104,78832,31,PDLB,929.02,MedRev
560R144395,609-53-0182,0529437972,NC,28220,5/5/2019,5196,9986,23,PDUP,4505.58,Release
580E476502,207-87-0721,7471314419,FL,34114,5/25/2019,3999,05679,65,PDOC,2983.23,Deny
943M819967,250-82-9350,3779140897,TX,77045,3/10/2019,3224,86342,72,PDLB,8100.0,Release
932T706978,743-78-7407,9408857409,CA,91520,4/12/2019,2181,E8412,31,PDOC,6668.48,RePend
021A311625,343-20-1538,8501164575,NC,27717,9/7/2019,5919,66420,52,PDUP,376.54,Release
054F165373,205-23-2671,0476300542,TX,79165,10/19/2019,2319,2211,65,PDOC,4141.32,Deny
357S512515,634-72-1040,2383102211,TX,75358,4/2/2019,2649,01661,81,PDLB,1496.38,Deny
019M046720,723-96-7003,7368558644,IA,50393,1/31/2019,4840,V285,22,PDOK,5612.57,RePend
911S979984,417-29-4005,5560338551,MO,63131,1/8/2019,9908,23330,52,PPJB,9961.27,MedRev
956W034380,621-41-7219,1641435529,NV,89110,6/17/2019,9434,52879,72,PDUP,3578.4,Release
830O637444,215-54-9671,4308079919,LA,70616,11/18/2019,3193,2309,72,PDLB,3083.24,MedRev
197W202177,402-21-4216,7659023650,TX,78737,4/27/2019,5683,36311,20,PVIP,8723.64,MedRev
892B450281,887-97-1319,9076950501,AR,72118,2/8/2019,8126,V0381,52,PM5R,3516.69,Release
092Y424403,805-13-6391,1434545499,VA,23293,8/31/2019,3883,1975,31,PDOC,3336.29,MedRev
336T495794,884-60-8822,2378125137,KY,40745,3/27/2019,9361,63731,65,PPJB,690.18,MedRev
879C010607,496-40-1800,7723122151,TX,76705,10/10/2019,1283,5853,12,PDUP,9276.23,RePend
624J507501,162-73-6489,1320288368,AZ,85045,8/10/2019,2642,E8166,65,PM5R,2001.99,RePend
040Q407471,348-11-7238,3308966631,OH,44760,12/29/2019,6871,E8243,65,PM5R,7221.41,Deny
665L379967,509-86-3590,9828193279,RI,02905,6/10/2019,1171,20940,17,PM5R,9343.59,Deny
024B229098,319-60-3902,4562351600,SC,29411,11/4/2019,0681,7176,52,PM5R,2880.31,RePend
722I517863,268-06-0031,3825620849,OH,45271,10/18/2019,2023,V9083,20,PVIP,4351.12,Release
524U670004,390-11-2553,5157938113,AK,99709,12/30/2019,9321,9647,22,PDOK,3520.84,Deny
780V883808,509-93-6243,7257569089,GA,30301,4/11/2019,0982,65220,81,PPOW,5568.8,RePend
507X608688,115-02-4915,5047115997,IL,60663,2/27/2019,7992,80079,20,PDOC,2422.66,Release
188I032546,116-21-8185,7121418627,FL,33315,9/2/2019,6191,4296,52,PVIP,1358.44,Release
707C852279,368-94-3547,6407283500,IN,46216,1/19/2019,0764,5839,52,PDOC,4098.26,Deny
322T205620,306-86-7781,4733764178,TX,78710,12/27/2019,5219,3133,23,PPJB,3564.18,Deny
835X780255,627-44-4201,7277486709,NY,10131,4/6/2019,3029,8029,72,PVIP,7279.81,MedRev
348C663803,493-45-8705,9671429593,CA,93111,3/27/2019,4061,2669,81,PDUP,4196.54,MedRev
332Z109844,773-05-4632,6012652418,FL,33233,11/11/2019,4253,72660,12,PDUP,2671.24,RePend
214S678063,349-58-8357,2196255656,MO,64190,12/7/2019,3801,43380,81,PPJB,8989.57,MedRev
557V188155,806-61-5374,4323327635,MO,64109,4/15/2019,3976,20240,81,PAUT,9853.8,Deny
070H095042,723-16-5051,5888575697,TN,38109,6/3/2019,9733,E9338,52,PPOW,2765.14,MedRev
015O588887,423-21-3559,6914402599,MS,39305,7/15/2019,4107,53111,23,PDLB,1350.65,RePend
118R572691,469-71-4110,8809925240,KY,40298,12/19/2019,8191,1611,11,PCOB,6387.31,Release
597N836622,114-92-0383,8083134428,CA,90810,4/15/2019,8511,43410,22,PDLB,6816.11,Release
291B930968,745-82-6851,5887166249,PA,15250,1/4/2019,8832,66624,12,PPJB,8394.53,MedRev
800R491839,313-19-6318,7693901253,WA,98127,4/4/2019,4029,38871,65,PDLB,6851.53,MedRev
470F382159,242-91-0408,9943074679,MS,39534,10/27/2019,7917,8784,17,PPJB,7915.51,Deny
888I137987,806-75-7752,2533206306,LA,71105,12/16/2019,1282,53150,65,PDUP,764.65,Release
755G654499,871-96-8061,2541778899,SC,29905,12/19/2019,0072,E0000,12,PAUT,5339.27,MedRev
478S116488,478-86-2293,6234523821,CT,06726,8/13/2019,9184,V520,72,PDOC,6375.7,MedRev
260Y287171,558-43-6304,8963787057,CA,95828,1/6/2019,8377,94351,81,PCOB,3342.33,Release
309F389412,376-90-1666,0933000867,OH,44720,12/7/2019,8852,V556,23,PVIP,8229.27,MedRev
221P276856,113-82-0783,1539049130,WA,98158,12/10/2019,9323,83304,22,PAUT,3707.06,Release
729C950184,592-91-3865,0227563867,WA,98148,12/16/2019,9055,24921,11,PAUT,1473.97,RePend
354G919234,209-06-4000,6683307159,OH,44329,7/22/2019,9535,5933,65,PPJB,9154.72,Deny
501D390735,682-02-7687,4814086645,TX,78285,4/10/2019,0952,7337,22,PAUT,6076.96,Deny
654G825564,403-33-7276,4302362500,TX,79176,3/25/2019,0009,40311,72,PAUT,2085.23,Release
119H122757,865-77-2810,7603996831,KY,40591,9/1/2019,8463,7439,72,PDUP,8291.76,Deny
579Y938419,347-12-5933,2078366288,FL,33134,3/27/2019,0151,74335,65,PVIP,4323.95,Deny
800I340992,752-48-0573,6535986638,CO,81005,12/2/2019,8793,V233,72,PDOC,9041.61,RePend
420R923569,159-74-3993,0346804281,NE,68510,8/4/2019,7101,V8745,11,PPOW,4273.71,Release
898O400615,486-09-1005,5468994583,VA,23705,5/3/2019,4836,27902,52,PCOB,3703.41,MedRev
328M588840,541-96-8627,9267103745,OH,44329,3/27/2019,9789,34989,12,PPOW,5678.65,Release
930K803866,310-25-5898,5284721325,AL,36125,10/28/2019,4833,11595,65,PVIP,4096.76,MedRev
528T672974,639-54-4965,7266141311,AL,36641,1/14/2019,8374,7609,52,PVIP,7983.95,Deny
060D545766,277-05-2620,1692178068,DC,20370,7/14/2019,7903,E9582,17,PM5R,4425.08,MedRev
300D601125,899-52-3883,4867899084,NY,10110,7/29/2019,4441,9309,17,PPOW,4224.63,MedRev
946T200220,610-17-5025,8477692483,WA,99215,12/25/2019,8025,E8150,81,PDOC,7402.46,MedRev
226H134745,797-08-8747,7049545517,IN,47725,10/16/2019,734,05101,81,PDOK,6710.55,Deny
581D041761,298-52-7504,4289417232,MO,64142,7/17/2019,5900,67111,23,PPOW,4577.4,Deny
398O275052,703-94-3753,0303034895,OH,45208,2/26/2019,0887,05412,72,PAUT,7077.16,RePend
745R682094,103-87-0932,8173040880,CA,93773,9/8/2019,0711,86511,20,PVIP,4657.96,RePend
365P105314,201-09-7843,6392510720,CA,95160,11/4/2019,4972,71874,11,PDOC,1811.2,Release
878A592018,293-27-6482,2153217713,PA,19120,11/20/2019,9815,0382,11,PDLB,1847.45,MedRev
874U895988,802-05-4392,5963200941,MO,64130,1/12/2019,5797,34200,81,PDOK,7317.5,RePend
042D870335,542-35-3375,4166097496,IN,47306,8/24/2019,680,71129,31,PPOW,2602.62,MedRev
038I965774,164-62-5563,3881595134,TX,78235,3/27/2019,7732,24901,65,PCOB,3819.05,MedRev
602S502134,487-97-4490,3339783730,VA,23260,5/17/2019,016,6243,72,PPJB,1385.17,RePend
102R434659,755-51-7284,1119143572,DC,20231,12/3/2019,2952,53140,11,PAUT,7615.59,RePend
562A366442,543-81-0608,8440427347,OH,45419,1/16/2019,8096,2510,17,PM5R,1513.85,MedRev
636U968046,785-52-5809,2287293604,IN,46207,7/8/2019,5554,9760,22,PPJB,7649.13,Release
994B722266,775-56-2312,8778009120,CA,94132,11/4/2019,4311,66421,22,PVIP,5021.15,MedRev
764F184403,507-44-5193,7915897317,TX,79928,2/25/2019,8875,5711,23,PDOC,9104.6,Deny
298N584934,352-57-4838,9371613854,AL,35815,3/17/2019,0395,95899,65,PAUT,5588.94,RePend
424Y090828,825-82-7240,5680917747,MO,64149,1/31/2019,8897,05811,11,PDLB,5127.44,Release
695R644547,447-54-5729,7337276775,NY,10275,3/26/2019,3897,39890,22,PVIP,6084.85,MedRev
428J953097,364-25-3107,8769237134,CA,92555,11/13/2019,8072,65430,52,PDUP,7336.99,RePend
423L627222,796-25-2434,3003850464,TN,37605,1/11/2019,8124,9755,72,PAUT,9746.37,Deny
194J070199,748-79-4773,8465400038,OH,45213,8/12/2019,4063,1480,20,PCOB,2287.63,Deny
163Q031569,751-62-1132,1514450104,MO,63167,4/9/2019,1121,E9520,11,PDUP,509.03,Release
374A612108,754-50-3432,0764521147,TX,77388,1/3/2019,8286,E9496,17,PCOB,4232.53,Deny
886C412904,302-86-8040,9096737622,WI,53716,10/7/2019,6529,75562,17,PM5R,8777.7,Deny
106S922201,512-98-7992,7747387897,FL,32605,5/18/2019,7739,73320,22,PPJB,343.9,RePend
902R991731,238-84-0180,2114094847,IL,62723,12/13/2019,612,80489,11,PDOK,6533.8,Deny
059I658357,323-80-3218,5321754823,TX,78754,9/2/2019,4469,30183,11,PM5R,4061.25,Release
005P617628,512-19-0978,9849831969,KS,66220,4/7/2019,7779,65681,17,PDOC,7109.38,Release
632U147262,823-04-8647,5256341695,TX,78744,5/8/2019,1811,66950,20,PPJB,2151.08,RePend
227I824394,226-04-2214,4829358407,CA,90045,5/26/2019,642,9597,22,PVIP,6818.01,RePend
515W129882,472-65-6010,0628457042,OH,43204,3/22/2019,4532,E9468,22,PDLB,2022.23,Deny
154M804923,222-90-2151,2368005077,VA,24009,5/20/2019,1043,72190,20,PCOB,7373.31,Release
222S263407,841-62-6689,3945264166,NV,89166,11/9/2019,6812,94315,52,PDLB,6741.01,Release
389L104471,200-41-4754,0075631168,TX,78044,11/29/2019,8093,20712,81,PPOW,4619.72,Release
142K677783,226-15-2116,4103985271,MS,39404,1/14/2019,0084,6190,81,PPJB,9810.93,Deny
693I479976,542-93-6270,1409228116,PA,19120,7/29/2019,2551,36814,17,PDUP,4283.99,Release
479P222598,613-53-8887,8847846796,TX,75265,3/31/2019,3888,17390,52,PPJB,9845.21,Deny
885F176652,144-75-7169,9782973980,TX,88525,3/18/2019,2411,20144,11,PPOW,7454.5,Deny
118F909382,637-65-0009,2649990481,CA,93794,3/3/2019,7739,V8534,11,PPOW,3670.26,MedRev
126X822814,774-47-4612,0316982705,DC,20392,9/5/2019,9069,V1589,52,PPJB,3382.79,Deny
614V699464,175-11-1664,0275679223,MT,59105,4/23/2019,7888,79502,22,PPOW,7524.46,Release
861J641701,756-29-3714,9548422861,FL,32225,4/3/2019,8801,80360,11,PPOW,2652.31,RePend
953F452832,616-96-6685,2055994122,CA,90030,7/29/2019,2629,3101,12,PVIP,7799.66,Release
896R914613,100-82-4665,1690606927,MN,55590,9/2/2019,7697,52132,52,PAUT,3304.68,Release
459U059662,292-02-2649,5430432931,NJ,07522,12/23/2019,2121,1462,12,PM5R,4945.65,Deny
307P740278,328-65-3402,8466059126,CA,93726,12/1/2019,7849,7510,65,PDOC,6583.86,Deny
404J775229,492-09-4529,3716507344,PA,15240,9/22/2019,0834,1624,11,PDOC,4349.4,Deny
626H819631,310-23-0598,0285889988,IL,61656,4/28/2019,3331,25032,72,PDUP,9401.64,RePend
725A326010,688-69-0425,1505406124,PA,15205,12/10/2019,8622,36511,65,PDUP,3323.75,MedRev
757V947175,242-67-6672,9481380411,UT,84199,5/12/2019,3992,V3901,17,PPOW,445.02,Deny
932B769967,120-70-2347,9669734836,PA,16550,2/14/2019,073,4291,72,PVIP,8788.99,Deny
584V679766,306-16-3464,3754919085,NY,10292,2/5/2019,5689,64410,20,PDUP,1856.07,Deny
003Q876039,857-23-7908,6001163177,DE,19805,12/13/2019,4640,E9399,31,PAUT,3091.51,Deny
450O210249,897-15-8551,3731565001,FL,33180,12/26/2019,2241,86803,20,PDLB,7854.95,RePend
751Q571471,349-01-4813,3753795448,OK,73104,3/21/2019,1343,37148,11,PDOC,8364.13,Deny
712P274700,577-88-4129,0642360768,CA,94207,5/19/2019,7767,80403,23,PVIP,8923.46,MedRev
202W262954,578-61-1794,6308819243,CA,92867,2/6/2019,5691,E9952,12,PDOC,8088.71,MedRev
920W390348,405-91-2518,9726313113,IN,47812,3/5/2019,8782,65610,72,PAUT,1959.14,Release
246G019526,764-36-0679,3043339209,OH,44197,11/9/2019,2264,E8845,11,PDLB,2826.47,RePend
545Z818267,789-26-1945,3392655677,IL,60646,6/7/2019,3722,59373,11,PDOC,6843.46,MedRev
193D725681,341-30-1561,3763327248,MD,20918,8/9/2019,8084,66041,65,PVIP,914.32,RePend
838B439448,185-78-0199,7125136970,VA,22234,5/9/2019,7971,34510,52,PCOB,2576.27,Release
606G577308,605-74-7708,9336644865,FL,33416,3/3/2019,3507,48809,20,PDOK,2753.66,RePend
603X562778,466-75-9145,5757538048,OH,44305,11/23/2019,8675,01734,23,PVIP,2841.34,MedRev
262E246614,452-50-4623,4287725165,OH,45243,5/21/2019,7351,4940,17,PDLB,208.54,MedRev
572Z437108,343-34-4765,8737500177,TX,78789,4/25/2019,9437,75241,23,PDOC,6262.85,Release
123K265510,343-31-0564,0958427118,FL,32575,1/15/2019,6309,5792,52,PDOK,1743.2,Deny
577Q822516,139-36-0429,1625157839,NY,11205,1/4/2019,9951,65840,22,PM5R,2653.12,Release
143A442743,542-77-2945,2454564636,TX,77030,12/5/2019,2992,81382,52,PDUP,676.98,Release
617E620066,832-58-8407,0505678503,MD,21203,9/22/2019,5343,81500,11,PDOC,9793.79,RePend
753K327385,631-29-2645,4070930253,GA,31704,4/5/2019,0864,80162,12,PDLB,9639.5,Release
100V974791,330-78-2971,9173205933,NY,10004,4/10/2019,7811,34630,31,PCOB,3027.38,MedRev
871N852232,173-07-6508,8752886896,CA,94705,4/7/2019,6554,6930,31,PVIP,6533.21,Release
429Q661361,725-24-5923,4730650037,PA,19184,7/27/2019,0015,01403,72,PDOC,635.27,MedRev
762I585131,440-67-0580,0574785275,KS,67205,8/15/2019,4443,20075,11,PM5R,1594.25,Release
588U998522,509-45-5039,3830323829,MI,49505,12/27/2019,1029,24911,20,PM5R,9723.2,Release
182Q461602,886-93-2514,5205794948,CA,90505,2/27/2019,4105,E9278,17,PAUT,4629.39,RePend
927K575398,284-19-9221,9333376046,IA,52809,9/13/2019,4024,25091,22,PAUT,7565.28,MedRev
311G422932,535-97-7324,6683624151,CO,80235,10/23/2019,1239,E8632,81,PAUT,6829.57,MedRev
939K540553,634-72-2551,3628089615,WA,98417,7/8/2019,0716,74321,11,PDLB,949.07,RePend
902X115416,886-29-4851,5304696612,ND,58106,8/27/2019,1176,0202,12,PM5R,3202.77,RePend
030O943147,358-98-8280,5859902346,VA,24014,1/20/2019,8897,85184,72,PDOC,2812.06,MedRev
403U873903,840-94-8233,7788478598,CA,93704,11/24/2019,6111,6079,31,PDOC,5488.36,Deny
318B841598,260-99-5615,4009499873,OH,44485,8/1/2019,9733,V8404,81,PDLB,192.68,RePend
245T789990,823-54-4630,8758783933,CT,06912,8/23/2019,3562,64934,65,PVIP,4446.75,RePend
094U449203,379-28-4342,9991428510,DC,20088,3/29/2019,5451,01792,12,PDOC,746.98,Release
595F514287,353-32-8391,0767281880,TX,78732,11/3/2019,9900,1551,31,PM5R,5814.1,Deny
878J338267,747-18-0229,6310638886,NV,89193,4/28/2019,9507,30110,81,PDLB,895.58,MedRev
203H458923,180-67-6850,7758841393,MD,21203,6/26/2019,9629,4353,72,PDOK,6258.36,RePend
208C781568,649-43-9761,8272422394,WI,53205,1/8/2019,7014,9551,72,PDUP,3084.38,Deny
204U428507,754-62-0748,7027804285,NC,27705,9/29/2019,1235,52435,81,PDOC,4589.16,RePend
022I290004,521-29-3161,9539256781,MD,21211,9/4/2019,301,V284,81,PCOB,7781.47,Release
346V953994,846-49-0245,3326930859,FL,33742,4/18/2019,4682,8470,22,PPOW,6554.44,Release
135Z395292,813-47-9167,8591170071,NM,87180,3/7/2019,7851,80303,81,PDLB,739.24,MedRev
832J806090,741-60-7266,3003602778,OH,45807,3/12/2019,480,83809,23,PPJB,5051.14,Release
293I596427,537-18-2032,8988004070,MO,65898,7/21/2019,4945,V711,12,PDOC,4359.12,Release
712G854347,515-56-6540,6863857878,FL,34474,6/25/2019,4516,71126,23,PVIP,5431.91,RePend
756T000987,438-50-4269,2499106474,CO,81005,9/9/2019,0118,36920,81,PPJB,8541.61,RePend
977E647026,761-39-3213,7266186617,RI,02905,1/27/2019,8395,4279,12,PDUP,4659.9,RePend
634U258000,270-55-8825,8948438992,NY,11247,10/21/2019,3723,01405,11,PVIP,1660.19,MedRev
763K961419,260-85-3635,1923244078,MN,55458,5/1/2019,4439,1721,11,PDOK,6843.62,Deny
385Y713930,264-62-0116,9143855066,CT,06183,2/6/2019,7888,7864,11,PPJB,9871.5,RePend
107Q809197,522-71-2661,8652636977,CA,93721,2/7/2019,5539,3383,23,PDOC,799.58,Deny
441I858342,586-02-9489,1152230452,CA,91117,10/11/2019,9654,7173,65,PVIP,5477.56,Deny
856S840550,296-81-5395,9936622933,NJ,07505,5/31/2019,4840,2161,22,PPJB,8892.09,RePend
148Z194197,141-56-0595,6367250704,VA,24503,9/2/2019,0109,E8361,23,PDOK,3354.33,MedRev
125Z928695,865-57-6751,4270343325,OH,45264,8/15/2019,6619,71282,52,PAUT,6296.71,RePend
325P232108,790-04-9944,8805410990,CA,91411,3/24/2019,9711,04511,11,PVIP,8268.17,RePend
611N779920,175-54-4332,4150133826,TX,77050,10/18/2019,5351,57510,22,PPOW,2053.86,RePend
494V581343,877-17-5023,9493597827,GA,30343,5/23/2019,7865,94407,65,PDLB,8507.42,Deny
558F827881,785-56-1040,5223121540,TX,75044,7/11/2019,412,20197,52,PVIP,6742.35,RePend
243S287923,145-93-1891,8878611061,IN,46699,1/1/2019,7984,E8789,20,PAUT,6315.44,Release
754G144386,755-60-8673,9978680518,FL,33196,3/6/2019,0139,E8748,31,PCOB,715.04,Release
210L298399,725-74-4788,2436315319,IA,52809,2/9/2019,8596,7672,65,PPOW,777.62,MedRev
911F257765,500-19-8703,1800582885,NY,12262,8/1/2019,603,73023,12,PDUP,8112.37,Release
684Y212221,468-19-0039,3943766794,GA,31410,10/25/2019,8299,67692,17,PVIP,9717.92,Deny
563P058825,296-33-1298,4555007289,IL,60636,7/20/2019,8766,79509,12,PDOK,5030.81,MedRev
643O526090,445-10-7728,3075186615,VA,23612,10/3/2019,9754,E0190,17,PCOB,1276.78,RePend
967F880123,157-91-0140,6982294255,NC,28225,12/27/2019,1029,36233,72,PPOW,4541.66,Release
166T884945,675-35-7536,8289627760,CA,92648,5/3/2019,9425,E9360,65,PDLB,519.84,Release
360X795037,482-60-6458,2341798818,CA,92160,1/24/2019,5221,36500,72,PDLB,4429.65,Deny
750Z436488,307-68-3390,5342680774,KY,40546,9/27/2019,8075,11594,23,PVIP,8454.88,Release
945M095842,389-92-0337,1949965273,IN,46254,5/14/2019,3785,2776,52,PDUP,9613.25,RePend
490I902572,241-82-1882,5063687527,SC,29505,12/28/2019,8492,01340,81,PCOB,675.34,RePend
096P175011,672-69-3474,3918868222,NY,11241,10/28/2019,0943,4847,12,PDOC,4541.66,Release
519H059621,516-26-6347,0089652649,CA,90076,2/14/2019,8453,99520,65,PPOW,5286.63,Deny
766K476786,156-75-1049,0920144155,MS,39204,2/17/2019,3892,67082,31,PVIP,6448.94,Deny
541P860799,892-46-5799,6236708325,IN,46247,11/13/2019,7862,36644,31,PDOC,2551.1,MedRev
341H894599,319-28-3367,1927105126,OR,97312,11/6/2019,2101,3133,81,PVIP,1101.55,RePend
791F282667,574-15-2149,8580522364,NJ,08619,5/18/2019,9185,65160,31,PCOB,9837.85,Deny
896C640646,749-56-1691,4389647695,VA,23289,3/8/2019,5841,04513,22,PM5R,2995.86,MedRev
681T317744,620-27-0737,3078841884,CA,92668,6/19/2019,9224,71181,72,PDOC,7207.48,RePend
977H183143,205-17-6691,3654714080,OK,73129,4/11/2019,2072,64932,22,PDUP,8279.62,RePend
269J985743,244-90-0920,2963442431,OH,45223,3/13/2019,2172,2662,12,PDOK,9548.17,Deny
558H161951,357-48-0950,3549802999,PA,19109,11/18/2019,1122,47820,23,PPJB,2731.58,RePend
977I913675,824-85-0058,6937049246,OK,74193,7/18/2019,1202,67681,72,PVIP,5781.38,Deny
752M137267,669-93-9512,1899019848,IL,62756,12/24/2019,3751,38915,20,PDUP,9204.48,Deny
970R250028,308-19-9808,4204556776,AL,35295,9/6/2019,1483,30432,22,PM5R,4373.92,Deny
486U593324,563-38-4851,0518523690,IL,62764,12/12/2019,7726,V0389,17,PDOC,7351.55,RePend
391O279408,225-15-4317,7958408878,WI,53215,9/19/2019,8535,52411,65,PDOC,9739.97,MedRev
771Z068014,538-78-6930,4769546935,CA,94257,10/25/2019,5383,V194,22,PAUT,2091.66,RePend
337H187244,351-69-0591,6177088377,UT,84199,10/21/2019,7770,8670,20,PDOC,5593.13,RePend
847K286134,491-29-0624,6219323172,FL,32209,10/11/2019,623,4289,72,PDUP,3604.16,MedRev
833Y218627,649-64-8251,0544223635,NY,11210,7/31/2019,4979,43853,23,PDOK,5536.51,MedRev
013B468226,350-43-1569,1668228485,TX,77281,7/21/2019,8862,37252,72,PDLB,297.64,Release
860G556538,549-64-8285,6940143433,CA,91406,1/22/2019,8427,E9454,52,PCOB,9035.93,RePend
685R995883,799-22-1814,6688171777,DC,20046,3/14/2019,4492,E9362,52,PDOC,621.83,RePend
389N451258,657-38-2387,0694200300,MO,63131,1/16/2019,8858,0085,17,PPJB,3982.3,Release
185H009013,204-01-2530,4486871018,CA,91505,11/22/2019,6199,67454,31,PVIP,6738.1,Release
325U088358,258-01-4458,8681748667,CA,90060,10/31/2019,9969,36217,31,PCOB,1401.1,RePend
621W135379,526-82-9570,3870550173,CA,94286,8/31/2019,5552,80045,72,PCOB,7614.15,Deny
107H190683,781-77-9409,6998043071,CA,90050,9/2/2019,9041,75289,52,PDOK,5985.66,RePend
349P975320,162-72-8092,5446065031,TX,78245,7/5/2019,9382,E8543,31,PM5R,5171.55,MedRev
391Y642564,205-16-9431,0280503286,KS,66617,7/4/2019,9703,76622,31,PPOW,1094.88,Deny
471N542079,478-53-1207,7629223438,TX,77095,11/12/2019,4402,9238,12,PDUP,4266.0,RePend
515B644291,856-44-9978,4590870619,NY,10557,7/15/2019,481,37263,52,PDOK,7373.92,Deny
844N853940,856-91-6710,4316878481,CA,94154,12/26/2019,435,V147,22,PDLB,5495.37,Deny
007R016256,374-67-7936,9371126405,MO,64125,10/28/2019,3991,37881,17,PAUT,8206.99,Release
273R693207,807-92-9888,0201462547,KS,67236,12/9/2019,6572,74441,72,PPJB,6275.9,MedRev
458H259588,750-28-5797,7868162978,NY,10633,8/4/2019,7918,34662,31,PDOC,8455.88,Release
141M604208,144-75-9172,0788863799,TX,77245,2/12/2019,6733,17309,31,PDOK,5394.28,RePend
856W999597,799-30-3304,7061868248,KY,40250,7/19/2019,8704,59651,31,PVIP,9721.91,RePend
673M594798,155-48-7668,7520673930,NY,10029,1/17/2019,5463,V3001,12,PM5R,9976.53,Release
859M397446,590-37-3258,3496316862,CA,92132,9/18/2019,9826,9541,11,PPOW,2481.64,MedRev
748J895807,723-35-9355,5463131074,NE,68164,12/11/2019,6449,80370,22,PDLB,6012.0,MedRev
934Y577117,265-35-2338,4469624502,GA,30316,3/15/2019,0944,07799,65,PVIP,6679.0,RePend
159L752859,129-22-0667,0786318583,OH,43610,5/24/2019,9939,3221,12,PPOW,962.09,RePend
755J540459,119-02-1497,7640861928,CA,90015,8/30/2019,3924,5753,31,PDOC,2601.75,MedRev
617X458434,759-25-2929,6553449425,MO,63196,11/16/2019,8958,76711,20,PDOC,4028.13,Deny
480U709812,394-58-1063,3388959891,AL,35263,7/7/2019,2699,80518,81,PDOK,1685.92,MedRev
166P478180,314-91-1748,7655761472,FL,32255,10/7/2019,9031,80508,22,PDOC,5952.3,RePend
883T458651,314-26-1643,8590530023,OR,97306,11/18/2019,496,63660,11,PDLB,9634.47,MedRev
802L092730,191-71-3987,6980306454,CT,06721,5/17/2019,0944,V283,12,PCOB,8606.57,Release
342U110482,760-36-2336,9428755395,CA,92648,6/25/2019,2641,76062,12,PDLB,7665.4,Release
988E642259,664-59-0386,0677307541,PA,19109,8/23/2019,2250,78865,11,PPOW,8777.98,MedRev
697G629660,706-64-2905,5305052703,WV,25336,12/26/2019,8172,37710,22,PAUT,6390.72,RePend
392A538930,357-31-2077,3641179342,MN,55598,12/16/2019,8901,7580,31,PDOC,7295.24,Release
721E606080,135-04-3633,8763037236,TX,78754,10/5/2019,728,30301,12,PDLB,5917.44,MedRev
228B716898,707-51-8623,8059665501,VA,22217,9/2/2019,8864,64682,72,PPOW,5551.96,Release
977P345968,504-14-8388,7454346101,TX,77255,5/2/2019,9318,75569,81,PM5R,4711.58,MedRev
643Z184839,521-04-8554,7999008991,NJ,07522,11/15/2019,8815,80621,81,PPJB,8652.73,MedRev
149N680836,265-30-5817,9363185540,NY,14215,11/16/2019,9445,6236,17,PDUP,3512.05,Release
457E585837,620-86-7381,2953876197,FL,33647,2/28/2019,3539,48289,52,PDUP,583.2,MedRev
149N484810,547-78-7043,0391715463,GA,30066,1/23/2019,4513,94540,31,PDLB,6743.46,Deny
943V053686,167-60-1390,8853264250,NE,68197,7/9/2019,8945,48231,17,PDOC,3969.8,Release
426E983543,685-62-4346,5482988145,TX,75387,11/20/2019,8212,8441,12,PDUP,6516.33,RePend
528O857581,289-71-1558,9735820669,CA,95064,10/16/2019,391,8620,17,PM5R,9698.95,MedRev
138U158424,115-45-9153,9055639876,MI,48609,11/17/2019,7848,73810,17,PAUT,192.04,MedRev
825E027010,138-34-5598,9446752409,TX,76121,11/8/2019,7062,83651,17,PDOC,7175.3,MedRev
013D046325,872-97-0774,0501608318,WA,98206,3/28/2019,1831,81345,17,PDUP,5056.35,Release
377M201291,663-25-7956,7512204170,TX,79989,7/23/2019,1202,9179,31,PAUT,2115.57,MedRev
754E859842,233-72-3108,3387817829,NJ,07522,1/14/2019,8555,E0149,72,PDOK,8383.84,RePend
849C092957,243-35-7080,3705491056,VA,24020,9/8/2019,5471,1941,72,PVIP,9516.14,RePend
477C774644,642-13-0518,0123867327,FL,33811,2/11/2019,6395,71177,23,PDOK,3278.02,Release
906L011219,654-18-5641,1348431356,WA,98175,4/20/2019,9467,E9556,12,PM5R,7019.7,Deny
200K011198,479-30-4582,7723637886,MD,20816,8/7/2019,3983,V147,22,PPJB,6227.53,MedRev
553B401680,236-60-4144,5172970709,FL,32854,5/11/2019,6922,80090,52,PM5R,1958.24,Release
874P623679,676-01-9804,9231731234,IL,60158,10/1/2019,9115,36813,11,PDLB,6743.17,MedRev
092K792525,266-86-4389,1509492617,SC,29411,6/24/2019,604,E9265,11,PDOK,9473.25,MedRev
814G474608,314-08-7480,2646196287,CA,90810,11/29/2019,9705,8797,20,PDOC,1328.96,Release
969A659786,750-90-5920,2972006253,GA,31410,3/29/2019,2091,27702,11,PDLB,1145.25,Release
841V940995,429-90-0575,5279072706,AZ,85271,9/30/2019,9186,3509,65,PPJB,187.89,Deny
635Z803755,789-57-6922,2214202702,FL,32941,9/23/2019,8387,71653,12,PDOC,8605.05,Release
843Q607110,281-13-5843,7503150523,WA,98185,12/17/2019,7013,9595,23,PDLB,9752.02,RePend
258Z074338,575-50-4041,7768589981,AZ,85015,5/5/2019,8764,80406,81,PCOB,3467.92,Release
019Y035260,664-73-8350,1356334347,TX,77223,12/21/2019,6941,67813,23,PM5R,4540.58,Release
473Q980126,553-81-7281,4282306583,PA,19605,11/19/2019,194,6940,20,PCOB,1781.64,Deny
169Y185795,560-11-0935,4536481283,TN,37931,12/20/2019,3785,78193,31,PCOB,5024.63,Release
762D713355,324-09-8072,5580487190,MN,55448,6/19/2019,2755,79439,65,PM5R,112.66,Release
901O975124,482-53-0307,5410993075,TX,77281,4/6/2019,0719,20168,20,PDOC,2479.21,Release
822R275698,227-90-2955,3967289872,GA,31416,2/18/2019,0973,41519,20,PDLB,5969.63,Deny
596F220931,846-02-4979,0005774519,IN,46406,7/20/2019,5523,0393,20,PDLB,431.73,Deny
766X531582,350-29-5926,2024875887,AR,71914,3/18/2019,664,1703,65,PDOC,3430.21,RePend
893W041666,537-36-6617,8819006654,DC,20310,4/28/2019,8662,8760,22,PVIP,7822.16,RePend
181O295594,531-50-7840,1328965423,CA,91913,3/11/2019,3542,4421,23,PCOB,5976.63,Deny
838W422192,826-31-2064,3671454568,MN,55166,2/22/2019,7784,E8333,12,PCOB,5313.64,Deny
841S929682,780-56-7385,8215868824,NY,13217,7/10/2019,3926,6205,23,PPJB,2740.97,RePend
330A011443,270-60-7316,7653564701,FL,33158,8/10/2019,7887,86391,17,PDOC,3082.84,Release
982M215428,677-57-6766,6285425777,IL,60208,4/24/2019,8084,1980,72,PPJB,2824.55,MedRev
116N480779,832-86-3406,8330477596,FL,33175,10/2/2019,6601,36522,23,PPJB,9383.55,Deny
082E857979,679-77-8509,0856134520,MT,59105,12/9/2019,5512,75430,12,PDLB,3262.76,RePend
017H085066,780-45-9376,2861260808,IN,47805,11/2/2019,3371,7735,12,PDOC,2118.17,Deny
489V341509,131-98-7540,9448843897,CO,81505,4/21/2019,5142,65841,20,PDUP,8591.89,RePend
258O890312,397-43-1361,7879885253,KS,67215,1/24/2019,8229,65411,23,PDOK,8395.21,MedRev
994Z539335,740-33-0251,7095469311,IL,61614,11/12/2019,1839,79539,22,PDOC,2268.18,Release
097G302672,207-36-1244,5098069504,DC,20046,12/1/2019,9329,71990,72,PDUP,8490.2,MedRev
953I165632,259-06-5661,9341673912,CA,92519,2/5/2019,6691,7892,52,PAUT,2859.08,RePend
921J732972,383-16-5165,1424643607,NC,28225,2/9/2019,8602,37202,31,PM5R,8456.32,Deny
363A412215,830-44-5853,6218974785,MO,65218,10/26/2019,9625,83400,11,PM5R,6585.54,RePend
758Q676073,494-01-5357,1504481637,KY,40546,11/15/2019,3999,E8434,17,PCOB,361.49,Deny
648W181631,101-71-1753,8806581981,NY,10469,3/13/2019,0745,V3701,22,PDOC,6992.79,Release
902X668369,835-74-9790,9074075665,MT,59112,3/24/2019,9901,53250,81,PDLB,2737.81,Release
061U254107,205-43-5920,2241712232,DC,20231,8/8/2019,8090,74911,17,PDLB,9281.55,MedRev
686Z359936,463-09-9098,6931927519,WI,53710,9/14/2019,5372,9403,17,PCOB,1350.6,MedRev
648O383293,424-76-8464,3953029633,TN,37215,10/6/2019,8865,E9345,17,PAUT,7640.52,MedRev
187R482501,598-92-0888,0725372357,CA,95828,2/18/2019,0243,6387,22,PDOC,4697.72,MedRev
143B601470,374-05-4603,4659838577,CA,92153,1/18/2019,4532,E8714,65,PAUT,1698.23,Deny
047Y214156,501-90-3320,3567803853,TX,79159,4/5/2019,8147,7137,23,PDOC,9613.39,Release
795W195958,808-14-2722,5418762111,TN,37215,8/8/2019,0891,3319,12,PPJB,2093.17,Deny
595C974726,578-38-7626,6382801049,WA,98158,3/29/2019,9954,E8496,52,PDOC,900.71,Deny
591I141724,414-25-0600,3647525140,AZ,85725,10/31/2019,8387,V603,52,PPJB,2667.36,RePend
747U546645,732-46-0677,7951068151,WV,25775,6/7/2019,9909,9116,11,PDOC,8539.56,MedRev
557P087501,553-14-6372,8898366238,TX,78721,6/11/2019,3959,V8523,31,PDUP,4938.33,RePend
342D257373,269-04-0345,4676891253,FL,33737,7/26/2019,5731,E851,11,PM5R,5594.81,Release
531S517734,857-26-0879,3098086888,WV,25711,9/12/2019,5524,E9298,31,PPJB,6725.09,MedRev
007N731834,405-08-0086,4881476301,MD,21239,3/29/2019,6553,3879,52,PM5R,8314.55,MedRev
756X541490,256-78-8554,2015422167,MA,02745,9/15/2019,9409,52402,22,PDOC,9352.98,Release
296M700536,539-57-8373,7192604889,TX,75260,9/18/2019,3372,0479,11,PPOW,2399.78,Release
655E931876,880-26-8917,4964606668,FL,32225,5/12/2019,0141,2718,23,PDOC,352.46,Deny
771H664055,674-24-1294,9910366280,MD,20851,9/2/2019,3524,71290,17,PAUT,485.45,Deny
154N996261,350-02-6389,1912444304,NJ,08650,1/30/2019,5473,01565,12,PDOC,7661.36,Release
004V280738,663-12-9022,8958128714,KY,40581,10/20/2019,4051,36830,12,PDLB,3238.18,RePend
185V965579,590-88-5966,7171801647,NY,10115,3/2/2019,5451,63381,11,PDUP,8114.48,Release
329I942518,536-26-7664,4000978272,OH,44197,11/14/2019,5847,78063,23,PDOK,4560.01,Release
684P002590,238-89-6872,2770418630,NY,12255,12/19/2019,8175,0723,65,PDOC,6947.66,Deny
402Q689612,525-97-3807,3518051153,TX,76192,11/16/2019,8343,37252,12,PM5R,2406.5,RePend
845K717413,427-50-1755,8917080420,CA,90847,4/26/2019,7979,1569,12,PDOC,1581.37,Release
552D046581,305-74-0146,7479381223,IL,62525,8/31/2019,1411,70704,22,PDOK,8265.27,Release
166G013597,654-57-7359,7441264121,CO,80223,2/12/2019,631,37860,65,PCOB,9673.51,RePend
629T190516,535-98-2571,7584653463,TN,37240,4/27/2019,8599,80612,72,PDOC,359.59,MedRev
920Y663362,108-03-7449,6865007207,DC,20088,9/2/2019,8409,3540,17,PDOC,7411.89,Deny
811N383670,443-85-2408,8657302966,SC,29240,8/10/2019,2959,V462,12,PAUT,185.65,MedRev
141C068097,221-71-3385,9328851677,CO,80935,10/24/2019,8117,01760,81,PAUT,4048.9,Release
781W322658,524-59-7425,7180739924,MN,55407,11/12/2019,3192,E8029,52,PAUT,5422.56,MedRev
350K055432,894-14-5177,0447448035,OH,45249,12/6/2019,0151,20000,20,PDOC,4519.65,RePend
866X756302,132-40-0007,8410645570,MI,48107,7/27/2019,9203,475,72,PPOW,7111.44,RePend
662J941178,320-69-5927,0241745144,NE,68164,12/11/2019,1512,01802,20,PPOW,5937.3,Deny
321G399606,618-73-0988,9935923072,ID,83705,4/9/2019,1152,V090,81,PCOB,6270.58,Deny
056M302296,201-18-4064,4708763360,IN,46406,2/23/2019,9974,36482,11,PM5R,5267.39,Release
713K919302,566-19-0905,9667924026,CA,93584,3/15/2019,3527,E9434,52,PCOB,5783.78,Release
394N654291,435-89-4366,5647829747,FL,34665,9/24/2019,5184,1648,31,PVIP,7862.76,Deny
159O094713,593-17-0565,1453835252,MI,48275,9/2/2019,8947,V1091,22,PDOC,9563.49,RePend
848U101070,111-64-6813,2279219552,TX,77713,5/6/2019,7829,37716,17,PPJB,2985.61,Release
729U612921,661-77-5489,4041144379,AL,36610,12/21/2019,7736,53019,65,PM5R,5936.5,MedRev
150Z689663,891-36-1985,3761280734,LA,70033,4/20/2019,8926,1718,20,PPJB,6834.61,Release
373D495906,757-83-0370,2888538141,MA,01114,5/4/2019,7983,8398,81,PDOC,3894.05,Deny
845A543429,217-11-2900,7521497577,NY,14604,6/27/2019,7321,74441,22,PPOW,7513.41,Release
744V802759,476-12-6456,1321219889,NY,14624,2/26/2019,3420,7836,23,PCOB,1679.44,Release
441T199743,346-10-2498,8832288763,TX,77065,5/2/2019,3555,9464,65,PDLB,1591.28,MedRev
877W378105,703-18-9257,7469482494,MA,01129,11/17/2019,8118,2753,17,PVIP,1755.29,Release
904T002247,768-01-7639,1869509768,ND,58122,9/16/2019,8457,V2134,72,PPJB,6601.68,MedRev
971Q296708,185-37-3170,2767483543,GA,31422,5/8/2019,7940,30751,11,PPOW,5110.96,Deny
241X089723,752-88-7818,5292612309,IL,60681,7/12/2019,8164,E8319,20,PM5R,3062.82,Deny
931X827457,232-84-8763,2512523392,FL,34629,12/12/2019,2187,V5874,23,PAUT,1118.81,RePend
962B771817,528-55-4351,1415499188,FL,33499,8/29/2019,6751,83663,11,PAUT,9328.12,RePend
507F080075,479-13-3294,2239147430,IL,62711,4/29/2019,8665,3698,65,PDLB,2861.39,Deny
884S958250,649-84-7449,7340080000,CO,80127,8/22/2019,7619,V549,22,PDOK,1525.24,RePend
938V392940,361-97-1447,1769780799,CA,93094,1/1/2019,5672,V528,12,PPJB,5740.45,MedRev
028C034050,521-84-9110,5242143224,SD,57188,2/28/2019,0819,64783,20,PPOW,9334.66,MedRev
056C789090,421-19-0699,1845646404,NY,12255,7/11/2019,8001,66000,17,PDOC,6470.78,RePend
025U697577,862-42-0730,6149028958,PA,15240,7/1/2019,1199,E8448,11,PDLB,1190.61,RePend
015T230535,614-81-2590,3304959534,TX,75241,6/22/2019,9022,74353,20,PAUT,4323.36,RePend
978O327866,885-81-4340,7375475110,GA,31132,8/9/2019,7912,7604,22,PDOK,3424.41,Release
937P007646,483-60-7884,4569443765,MO,64125,9/10/2019,2499,64232,12,PPOW,1824.89,MedRev
629Y903242,535-84-3571,4554795775,CA,90101,6/20/2019,7661,E9910,17,PDOC,1526.83,Release
453K530556,486-50-6203,1563809074,CA,94147,1/31/2019,8861,V068,17,PCOB,6188.05,RePend
375A915439,286-36-4302,4674080595,FL,32304,12/8/2019,0519,3868,72,PAUT,9433.41,MedRev
327L161841,434-20-0846,1166198729,NC,28305,4/6/2019,8855,37632,20,PDLB,6272.97,Deny
558A702709,612-46-4280,1438350951,LA,71130,2/27/2019,8085,E9929,81,PPOW,3172.47,RePend
740G325011,550-64-8739,0739073168,IL,61656,4/27/2019,7735,3069,72,PPJB,6746.73,RePend
046B805355,516-90-2574,2018309947,OH,44125,11/21/2019,0745,E9199,72,PDUP,6830.95,MedRev
370O354712,113-23-0407,8600452406,CA,93709,5/6/2019,7793,64751,81,PDOC,5599.45,Release
978I174573,226-71-1489,7071818399,FL,34620,8/22/2019,3560,V1359,20,PVIP,8044.46,Release
376B482704,398-58-0560,9672901490,MO,63158,7/8/2019,1439,1915,72,PM5R,6031.47,MedRev
273D018320,558-56-3699,2006888024,NV,89125,11/24/2019,1121,9603,20,PDUP,2166.58,Deny
295B069134,204-44-6828,7187253717,OH,44191,3/5/2019,8542,V0381,65,PVIP,2450.44,RePend
089E875712,650-10-2366,1433969378,FL,33111,4/26/2019,064,E8701,81,PDUP,8894.26,MedRev
821F592448,575-64-7921,7081658706,FL,33141,11/26/2019,7032,80003,81,PVIP,4041.38,Deny
242D004036,418-21-2890,8201967152,CT,06127,8/16/2019,9155,66454,20,PCOB,5456.85,Deny
176J555605,175-51-7881,2554533836,TX,79491,1/5/2019,600,20288,81,PPOW,4901.15,RePend
545O872943,688-20-4438,0928175804,FL,32825,9/28/2019,9427,7946,81,PDOC,4681.95,Deny
471M679192,750-83-0847,3031374470,FL,33448,11/4/2019,1512,1985,22,PPJB,3951.03,Deny
053W314562,403-38-6973,3132045837,IL,61605,4/20/2019,2612,78906,72,PDLB,3152.88,Release
560T599646,276-99-1696,1158443152,CO,80249,12/9/2019,1829,E0094,52,PCOB,7347.96,Release
655F267935,268-99-2406,8673272801,WA,98042,9/2/2019,6823,1261,20,PDUP,2891.83,Deny
808S658947,143-67-5279,0864706972,TX,77281,8/15/2019,2031,73679,17,PPOW,8481.5,RePend
784D508735,630-95-8232,1266917689,CA,90101,11/22/2019,321,1048,12,PDOC,632.69,Deny
710G738769,101-01-7900,5148700165,TX,75265,6/23/2019,0944,0624,17,PCOB,9117.9,Deny
356B063704,615-74-1684,3689835840,CA,94237,5/21/2019,7752,71697,17,PVIP,4252.79,RePend
649J588974,575-13-3787,8787731665,HI,96845,3/16/2019,7062,94145,72,PCOB,892.86,Deny
093Q433578,394-51-4080,0416339177,TN,38181,1/11/2019,2439,4950,65,PPJB,9193.29,RePend
149Y086064,464-37-8609,6595368552,FL,32885,4/2/2019,7955,64912,22,PDOC,8267.91,RePend
084O224605,701-21-2101,2465293661,CO,80217,3/27/2019,6632,2276,31,PPOW,7566.19,RePend
737X435964,345-56-9469,9489806651,NM,87505,2/22/2019,4319,87279,17,PDOC,851.8,Release
245C330688,747-24-2933,5593927292,CA,95155,3/24/2019,4382,V500,17,PDUP,9952.14,Release
499G017462,781-56-6109,5658078991,NY,10060,5/20/2019,0120,37800,72,PM5R,5666.4,Deny
406O206374,623-07-9585,9137780514,WV,25356,5/24/2019,1160,64653,20,PDOC,9144.79,MedRev
501V035309,663-87-8334,6764876873,NY,10633,1/24/2019,4594,8489,81,PDLB,6306.07,Deny
643G480804,870-28-2053,7897833505,CA,93794,4/14/2019,7790,7700,72,PDOC,7887.92,Release
943E015736,637-86-6477,3444275970,CA,90094,9/10/2019,5661,97081,65,PCOB,4479.41,MedRev
320B355971,298-71-8235,0084484287,FL,34981,9/23/2019,8361,E8140,11,PDOC,8789.45,Release
202M968517,727-79-5594,3104637561,AZ,85725,12/4/2019,5092,30029,31,PM5R,3229.47,Release
105C502088,561-39-4638,7680156739,NH,00214,10/10/2019,9425,38640,22,PCOB,2580.41,Release
410F500079,305-42-3670,5796995329,TX,79710,10/27/2019,0059,30781,81,PCOB,5760.89,MedRev
635X247500,899-97-0968,1632154338,OK,74126,10/17/2019,5693,78931,81,PVIP,7122.23,Release
802H064977,559-89-7962,1812535729,RI,02912,4/19/2019,0713,4150,31,PPJB,5057.33,Release
044Z279039,595-41-4909,2151528538,CA,93704,7/4/2019,6631,V4362,72,PDUP,7494.77,Release
192N720372,764-39-1797,1436775486,OR,97229,12/30/2019,0081,8069,12,PM5R,149.88,RePend
948H511964,101-98-9295,1960303947,NE,68517,6/30/2019,8687,65813,52,PDOK,1341.18,Release
920R962247,126-45-1540,6699095911,DC,20404,4/3/2019,9183,63601,11,PDOC,8963.75,Release
861E064950,440-38-4088,8807266361,TX,77223,12/7/2019,2631,52809,17,PDOC,8719.01,Release
731Q102639,142-53-4321,6733594552,MA,01152,3/9/2019,1122,73309,22,PPJB,9142.03,MedRev
787Q817770,843-91-7069,3276205970,CA,92812,7/1/2019,7986,V5866,52,PCOB,5953.63,Deny
167R294648,473-57-5789,5597379152,FL,33647,7/10/2019,4432,57480,31,PDLB,466.86,Release
119U864847,118-24-4249,6714382545,TX,77050,11/16/2019,7601,27411,17,PDUP,8924.7,Release
818J625247,485-79-2631,5032122823,TX,78291,5/13/2019,7694,71626,52,PAUT,7068.46,Deny
396X335937,535-87-8715,6689420750,IN,46247,1/31/2019,3726,8191,31,PAUT,6607.56,Deny
414Z012797,495-25-6942,4769898064,CA,94159,3/26/2019,4691,5691,12,PM5R,5378.05,Release
889T875435,805-54-4093,0320747045,LA,71307,1/12/2019,8931,04512,20,PDLB,1716.5,RePend
669Y925987,691-33-8343,0487147977,TX,77228,9/19/2019,2491,2386,22,PDOK,4371.55,Release
568H387372,555-58-7495,6636085580,AZ,85311,8/4/2019,9355,5269,22,PM5R,7748.45,RePend
545Q237561,375-69-1325,3541957891,NY,10155,5/21/2019,1622,0907,12,PPOW,1860.96,Deny
104V499570,717-65-9878,8939140477,TX,75353,10/11/2019,4263,V549,31,PDLB,3091.01,Deny
586S624787,139-27-2398,6210770116,TX,75226,7/1/2019,7928,0228,23,PDLB,2039.18,Deny
258M729756,301-38-3537,4558281820,NJ,08603,4/30/2019,9102,79508,12,PPOW,6893.31,Deny
071A420326,462-42-5851,8814342416,TX,79705,2/28/2019,034,38600,81,PAUT,6305.01,Release
538V935090,113-11-3984,3505253582,NY,12210,3/6/2019,8753,E969,20,PDOC,8527.48,RePend
834Z594505,150-45-5466,0743440320,TX,79705,5/3/2019,9993,7508,12,PM5R,2517.42,MedRev
169I619195,894-55-6667,4709426470,MA,02298,10/7/2019,8419,67384,52,PPOW,3081.31,Release
249U310788,804-50-1840,9278177462,IL,60158,12/12/2019,329,9224,12,PPJB,4723.67,Deny
900S834727,114-45-1845,4987355241,MA,02163,3/22/2019,9734,6038,23,PDOK,8338.82,Deny
738J110077,157-60-2764,5659234780,FL,33737,1/19/2019,3725,30503,17,PDOC,6885.61,Release
692J041425,403-90-5173,1080132807,TX,75372,10/23/2019,9075,80089,17,PM5R,4445.09,Deny
342I001504,689-01-9339,1280704382,AR,72905,5/1/2019,3889,8714,11,PVIP,236.17,MedRev
530B478293,520-03-9402,8201566035,MD,20709,11/5/2019,8059,6171,17,PDUP,1464.37,Deny
404T023011,375-17-6161,8837135564,AZ,85020,4/19/2019,7671,07812,20,PM5R,2890.66,RePend
237Q430386,660-82-9564,4860126549,MN,55598,1/18/2019,7939,52523,22,PDOC,2014.84,RePend
008M693745,545-29-3610,3371726025,GA,30919,11/15/2019,4254,44321,72,PDOC,509.06,Release
859O317539,356-89-7781,6149757734,AL,36114,10/20/2019,580,05910,81,PM5R,585.03,RePend
187N748927,285-05-8649,0981961287,CA,93726,12/11/2019,7815,8780,81,PDOC,3286.96,RePend
231C964058,747-70-0606,3070092112,OH,44720,6/19/2019,8591,64852,12,PDOC,4257.04,MedRev
898O762237,325-35-4894,5818010966,MD,21705,7/27/2019,8047,36632,17,PPOW,3458.6,RePend
469V640855,338-17-7618,5193322133,LA,70815,6/11/2019,4266,36502,52,PDUP,5473.95,RePend
056N784964,465-66-9639,5512828125,NC,28299,4/14/2019,2621,67022,31,PDOC,7561.15,Deny
812R995445,526-53-4157,7941632245,KY,40745,5/4/2019,6501,9933,31,PPOW,6763.6,Release
194I511808,558-08-0434,2405804984,PA,17140,10/1/2019,8292,99670,11,PDOC,2385.2,Release
213N056315,855-83-8536,5042692649,TX,76310,7/11/2019,0824,85314,11,PAUT,5946.68,Release
066X827361,748-55-7770,6947762453,CA,92145,7/6/2019,8969,65613,31,PCOB,8395.96,RePend
039T067310,722-29-0719,4484347941,VA,23668,5/24/2019,4999,17379,81,PDOC,6540.79,Release
351R964888,118-90-8158,4179995472,GA,30092,12/12/2019,595,09940,65,PDUP,4077.17,RePend
747B230243,814-80-2712,9967565818,PA,15250,10/7/2019,5463,94401,17,PPJB,9091.43,Release
948J791514,233-13-8142,1168832023,OR,97255,1/18/2019,3982,41012,22,PDOC,6115.47,Release
656K502438,491-84-6054,8451804273,TX,79710,1/17/2019,9917,32701,31,PDLB,860.31,Release
584D483323,271-05-6655,9810300371,LA,70820,10/14/2019,9359,74902,52,PPJB,4023.93,Deny
530K117195,512-98-8413,5302885553,TX,76310,10/20/2019,3976,V571,81,PDUP,4405.7,RePend
399Q153341,830-28-3079,7867368367,IN,47747,8/25/2019,3774,7383,22,PCOB,9717.47,Release
778E940563,361-46-7680,8813756936,FL,34615,8/30/2019,636,0512,22,PDLB,8637.97,RePend
104W855377,631-80-9767,1326234641,OH,43605,9/23/2019,9523,65913,72,PDOC,3281.24,MedRev
401C708572,718-25-7115,2002080651,TX,78754,12/9/2019,0971,65123,52,PPJB,7109.6,MedRev
140J203938,688-74-0843,3730105326,CA,93750,10/14/2019,4823,05571,22,PDOC,125.58,MedRev
407P005062,482-01-2548,9926536168,FL,33972,8/18/2019,6594,E9971,11,PPJB,331.14,MedRev
820P410929,680-66-9364,7148656543,PA,16505,8/3/2019,0442,E9456,11,PAUT,7974.39,Release
688P515170,190-57-3349,6321427517,OH,44118,10/3/2019,9074,11599,22,PAUT,6390.57,RePend
820K187769,561-39-3698,5863883561,KS,66286,4/11/2019,0870,2276,22,PPJB,3563.86,RePend
877R827842,818-88-1393,1275127628,KS,67210,4/8/2019,2191,1628,23,PDUP,6562.68,Deny
894Y873534,172-70-4762,2035908306,TX,76162,8/25/2019,0841,V5042,72,PCOB,4902.98,Deny
864E921150,739-57-0848,6230179668,CA,91205,11/8/2019,7979,75481,20,PDOC,9176.67,Release
286J836746,782-40-6734,3082984591,NM,87110,7/28/2019,1242,7920,65,PM5R,6198.82,Release
911L941978,664-32-6885,7480596959,OK,74156,4/9/2019,3598,64890,12,PPJB,9415.93,MedRev
469Y467791,763-77-5326,0241687412,TX,78703,10/25/2019,8864,V1541,31,PDOC,8666.15,Deny
645M682962,296-92-3121,1950189495,TX,75260,9/2/2019,6261,9599,12,PM5R,7259.06,Release
528Q736215,169-93-8123,4950466081,MI,48604,11/12/2019,9229,71858,11,PVIP,7279.17,RePend
711J691565,572-81-6946,4516467775,MI,48224,10/29/2019,5561,3560,17,PDOK,3790.0,Release
090D456382,435-62-4179,5380034582,CA,95813,9/28/2019,1754,V298,22,PCOB,5329.19,Deny
778P308744,803-64-2274,2472111595,AL,35805,6/15/2019,7955,V1271,52,PDLB,4455.69,MedRev
724U927978,495-12-3215,8939641551,CA,92648,10/4/2019,5496,E8853,72,PDLB,4509.48,Deny
810S388466,612-04-8375,7179236388,CA,90805,1/7/2019,8881,36502,11,PCOB,989.7,RePend
413W234165,373-76-5706,9010308088,VA,23504,10/13/2019,1452,83969,81,PPOW,5928.13,RePend
344H728369,290-02-0233,5760062224,FL,33310,7/11/2019,5641,88101,31,PDOK,7272.03,RePend
259F728190,525-93-5686,3428732823,DC,20029,2/24/2019,8035,1613,65,PM5R,6791.34,Release
529L204552,226-66-6544,5615189593,FL,34474,12/19/2019,7874,80305,72,PDOK,7027.05,MedRev
860X249449,695-01-1827,1089497565,IN,47732,9/16/2019,9702,V188,52,PM5R,5015.6,RePend
888J798449,247-33-1879,0568880775,GA,31217,2/21/2019,9303,9229,65,PVIP,742.72,RePend
353T053136,553-45-0387,7807638323,CA,94121,1/20/2019,5316,00841,20,PPJB,2999.08,Deny
241J117852,886-51-1947,7274761223,PA,19196,2/18/2019,0884,73392,52,PVIP,4444.76,Deny
586C206884,879-58-7956,6811190799,SD,57105,9/26/2019,3864,66814,23,PDLB,8292.53,Release
742V342791,128-50-3503,4368534612,CO,80209,5/2/2019,4602,2749,11,PVIP,6504.93,Release
423C003421,200-07-5645,2875349877,OH,43210,5/23/2019,8059,E8070,52,PDOC,7529.06,Deny
137Q052592,474-39-7587,5569006570,MI,49048,10/27/2019,9541,8787,17,PCOB,1759.17,RePend
709S297068,862-63-9286,6482805426,TX,75226,11/7/2019,4132,2559,11,PDOC,9028.12,Deny
976N620460,314-17-4262,7740061785,NY,11447,6/22/2019,7591,V121,12,PPJB,2352.4,Release
724Z544320,655-17-1360,7063843596,AK,99522,4/26/2019,2611,75315,17,PAUT,9493.22,RePend
760A201855,405-61-6270,1485663832,KY,40524,9/3/2019,3997,7268,81,PDOC,2070.52,RePend
180F916524,821-49-2371,7732896321,WA,98464,7/31/2019,3753,78901,31,PVIP,9776.64,Release
140Y352129,308-88-9343,9593146889,MN,55811,12/18/2019,6511,8442,31,PM5R,6015.13,MedRev
549H634056,452-91-4203,4689195141,AZ,85297,6/28/2019,8028,30929,17,PDUP,6561.17,MedRev
447Q247765,489-71-2832,8377627604,MA,01114,9/17/2019,2104,01113,23,PPJB,6197.15,Deny
509C735053,667-10-3443,8662540437,OH,44555,8/1/2019,2731,86342,72,PDOC,9699.46,Release
652Q008363,450-81-8946,2727086236,VA,23213,8/24/2019,7569,5521,23,PAUT,4634.92,Deny
898I032979,637-49-6688,2092743912,NY,10014,9/17/2019,6013,E8903,31,PDLB,8772.24,Release
017E398854,182-79-2805,9578025841,TX,78255,8/18/2019,3927,30463,22,PDLB,6837.11,RePend
076O594615,643-76-7934,0800133078,DC,20005,6/14/2019,4285,42518,52,PDOC,8481.47,MedRev
685B136105,677-52-3861,7890143593,TN,37410,3/21/2019,8594,E8284,12,PPJB,9477.32,RePend
841K091745,115-68-9745,6444991163,KS,67230,1/15/2019,3886,01335,23,PVIP,5471.55,Deny
533S470899,473-47-9849,1637818315,MO,65218,3/8/2019,0953,74911,81,PM5R,157.47,Release
685U127559,271-66-4028,0997589700,AK,99517,11/25/2019,3889,5765,65,PPOW,6629.65,Release
087D621594,770-37-5187,4067014710,VA,22093,6/26/2019,0074,9179,81,PPJB,3990.46,Deny
436T800223,796-63-6600,4831355062,NY,10203,7/2/2019,3964,66481,22,PCOB,317.8,RePend
321U136688,660-58-3535,9623272185,AR,72916,1/24/2019,9918,1319,11,PM5R,4713.17,MedRev
106S160926,786-60-4771,8745071799,NY,12232,8/20/2019,0060,64851,31,PAUT,8718.58,RePend
324F381361,301-25-4197,8329631046,AL,35815,10/15/2019,8709,2681,11,PDOC,6805.55,Release
210Q176157,734-56-8823,4965277294,OH,43699,10/1/2019,7854,63631,12,PDLB,3721.81,RePend
691I205278,619-52-4413,6986910955,MS,39534,8/7/2019,7854,30740,81,PPJB,9973.13,MedRev
205V738200,429-72-1869,9933129570,WV,25711,6/12/2019,1364,9176,65,PPOW,4988.35,Release
692C098686,652-82-5458,3241769644,CA,90055,7/28/2019,5640,5088,23,PM5R,5925.01,RePend
291T602548,625-48-2931,9469962466,CA,91841,1/25/2019,9342,80129,22,PPJB,7334.17,RePend
424P573461,244-56-2838,0288567432,NH,03804,7/14/2019,8211,52122,17,PAUT,7936.44,Release
693K546344,275-94-4315,9623798623,NY,14619,7/4/2019,4050,5173,72,PDOC,574.77,MedRev
793I559345,795-79-6284,5468511839,AL,36104,1/4/2019,3552,V733,52,PPOW,1067.18,Release
551N547850,170-90-0150,3390640922,NV,89115,12/25/2019,8103,66000,20,PPOW,5721.18,RePend
216C795240,475-60-4990,4869818084,WV,25356,10/24/2019,9181,6031,22,PCOB,8865.71,MedRev
031F253070,297-12-2290,4434422401,WA,99210,5/25/2019,8122,7445,65,PPOW,6639.39,MedRev
387A447829,247-62-4608,3264687463,OH,43231,11/20/2019,8857,1480,23,PCOB,4172.32,Deny
915C863951,151-81-2437,1881842308,GA,31904,4/5/2019,4995,85406,17,PPJB,3457.17,Deny
833O760422,491-70-6041,7110389830,AL,35242,10/10/2019,8947,8745,17,PPJB,7403.66,Release
838L826440,706-05-8106,3993812995,VA,24004,8/3/2019,3553,75552,11,PDOK,6809.96,Deny
463L732476,773-34-7340,2564647931,TX,78682,5/31/2019,9621,E8501,12,PM5R,7020.43,Deny
127E861093,571-11-8716,0837007985,PA,18018,7/14/2019,6012,E0161,17,PPJB,1617.25,Release
950L569149,590-23-3467,8269645237,GA,30605,5/26/2019,2999,9830,12,PDOC,1225.74,Deny
115H541295,486-53-8234,9816457023,WA,99215,12/8/2019,2612,V788,72,PDLB,4827.52,Deny
754J610358,538-51-5912,1605270017,AZ,85732,10/25/2019,0874,92800,12,PDOK,2937.29,Deny
395X830443,883-75-1882,7051175319,NC,27105,5/3/2019,6839,7383,72,PCOB,645.48,Release
695P988325,880-03-6195,9706239246,OK,73124,1/8/2019,8313,99563,31,PDOK,308.36,Deny
896I549512,688-58-0163,1873197524,NC,28215,10/21/2019,2103,30460,12,PVIP,9333.39,MedRev
958V154531,774-46-6981,3352052471,DC,20535,11/23/2019,6663,V417,81,PDOC,9006.59,MedRev
222E289382,237-28-6068,4693459149,TX,78291,11/27/2019,8388,59010,12,PDUP,7968.37,MedRev
843T759386,790-89-0755,1247298602,PA,15220,11/15/2019,8743,37551,11,PCOB,5526.84,RePend
439H220038,542-69-1210,1666184416,VA,22184,6/3/2019,5029,33394,65,PVIP,6937.68,Release
807Q232113,301-45-4525,2071719858,MO,64199,4/12/2019,4528,57480,52,PDLB,3737.2,MedRev
471S719861,401-93-4791,1284054349,TX,79165,5/30/2019,3793,37811,17,PDLB,1677.57,MedRev
186X304701,677-85-7740,5399733110,CA,94089,11/25/2019,7956,80106,31,PVIP,3247.89,Deny
677P625512,546-01-1803,0707972955,PA,17110,8/4/2019,3520,47834,12,PM5R,5979.82,RePend
673F029041,441-35-1889,2220467793,DC,20535,12/22/2019,9657,49322,17,PPJB,3100.13,Release
030F943084,658-25-4501,3035248246,CA,95354,2/27/2019,1761,01320,31,PDLB,2144.72,Release
640D950546,740-43-8317,2013439242,VA,22908,9/28/2019,8018,6248,65,PPJB,7254.09,RePend
115U182639,258-84-7211,6536294946,AL,35225,1/31/2019,6523,37761,17,PVIP,6984.96,RePend
503Y849471,134-08-7141,3575243125,OH,43666,5/10/2019,4865,60889,12,PCOB,1687.38,Release
937C268455,597-89-3830,8923018910,MI,48670,8/19/2019,2264,1706,17,PAUT,6036.7,RePend
196E945142,516-06-5780,7065206199,OH,45020,3/12/2019,8398,05912,72,PVIP,4091.1,Deny
684Z241602,197-40-9375,6047426794,DC,20540,12/20/2019,8822,63571,72,PPJB,5291.86,Deny
253M629419,230-34-1967,4777014293,CA,94159,12/6/2019,4592,64862,81,PDOK,4925.86,Release
028K471721,407-77-8907,9876863919,CA,95064,7/9/2019,0539,E9659,72,PDOC,9889.0,RePend
363O937871,454-69-8921,8505252791,TX,76016,5/23/2019,5361,1882,12,PDLB,7799.03,Release
071T700996,684-96-9843,1584909579,VA,22405,3/30/2019,2791,36544,17,PDOC,4733.27,Release
495P194009,307-18-2567,4621851818,NC,27455,10/22/2019,7950,E9451,52,PPOW,5313.41,Deny
734J602494,311-22-2109,4391347696,FL,34981,6/20/2019,3732,5204,81,PDUP,9627.51,Deny
298A678460,246-31-5663,0958788927,PA,19178,12/3/2019,6072,36311,17,PPJB,1972.81,MedRev
718Y636538,890-69-6588,2403216201,FL,34620,6/19/2019,6861,E984,20,PVIP,7020.36,MedRev
665I923631,850-08-1464,3625907681,NY,10024,7/8/2019,4051,45932,52,PDLB,2996.82,MedRev
116S475384,895-14-0536,9759806968,WI,53705,2/15/2019,8570,3959,65,PPOW,3544.99,Deny
078W572795,691-26-9861,6888665207,AZ,85215,4/16/2019,1351,37703,52,PPJB,1951.98,Deny
953X535800,702-72-8157,4275303852,FL,33310,12/13/2019,6697,7821,11,PPJB,1684.69,RePend
533X878710,216-34-6627,9395701073,FL,33715,3/29/2019,0523,85122,65,PVIP,7693.47,MedRev
956C168341,414-17-6038,4690029379,LA,70165,11/4/2019,8120,75251,22,PDOC,2534.46,MedRev
681K503328,202-12-0163,7524559360,TX,77386,10/1/2019,6021,8972,81,PDOC,4049.61,Release
648R472113,858-62-8415,0664377531,PA,19196,5/6/2019,8117,V110,65,PPJB,8031.84,RePend
910K498034,631-05-2403,9067635899,NY,10474,12/29/2019,642,V490,20,PVIP,2778.13,Deny
394H400185,894-16-3939,5352576308,NH,03804,12/4/2019,7766,34201,52,PVIP,8018.12,Release
270O533310,500-07-8368,6107215189,MO,64504,12/4/2019,9302,2903,81,PDOC,676.31,RePend
439H137409,530-62-7044,8310575472,IN,46231,10/3/2019,9956,E0191,52,PPJB,651.32,MedRev
246C768777,172-04-7643,5266095247,CA,93291,9/22/2019,0885,83319,65,PDOC,6112.12,RePend
720X278022,427-88-5286,4958543139,OH,44111,8/22/2019,3607,7724,72,PM5R,2168.86,MedRev
987I950731,164-21-7778,7426903269,WI,53705,9/7/2019,7531,94229,52,PDUP,7366.36,MedRev
841J114862,829-89-8079,7543152419,CA,90398,10/24/2019,8284,85219,52,PDOC,4386.91,Deny
070J529372,527-81-8293,1642311357,NY,10280,3/14/2019,9123,20265,31,PDOC,1132.98,MedRev
662L804772,113-06-2203,8489433502,MA,02109,7/25/2019,4631,30723,23,PM5R,3493.73,Release
162T746222,836-82-3974,5257740795,NY,12262,8/19/2019,5686,V3301,31,PPOW,7616.69,Release
736U658778,661-98-3630,2870725246,CA,94105,11/7/2019,9436,99568,52,PDLB,7343.76,RePend
219A582741,142-22-2800,1845835988,CA,91199,5/23/2019,7920,9399,20,PM5R,1569.67,Deny
390H205770,764-54-8484,8834946278,MT,59112,5/7/2019,8763,E8232,31,PCOB,5760.0,Release
805Y740461,874-20-4009,2611436574,FL,32964,1/13/2019,4892,74422,20,PPJB,8996.93,MedRev
851F603997,840-52-8353,0316907648,NJ,08603,6/30/2019,9073,65243,12,PAUT,1176.09,MedRev
001J144079,330-08-2885,4196843559,OH,43666,11/25/2019,7975,4408,23,PDOK,6436.77,MedRev
786R420735,388-32-8697,8961986790,CO,80228,3/12/2019,7983,51851,20,PVIP,4084.73,Release
836A455311,291-34-5292,7848143710,OH,45233,7/24/2019,0329,V6540,72,PPOW,5059.82,RePend
197L765887,163-48-3412,4400553626,DC,20436,9/11/2019,7714,7780,17,PDOC,2671.49,Deny
971G562524,238-74-0538,8904772781,IN,47725,1/21/2019,8411,37401,17,PPOW,1017.08,Release
317C841654,528-73-7618,0295868665,NV,89160,4/8/2019,9194,37484,12,PDLB,2598.0,Deny
825Y667573,643-12-9572,1575667518,IL,60630,11/16/2019,1262,6926,65,PDLB,4145.06,Deny
466C177587,433-12-0324,2099664511,IA,50330,4/13/2019,4319,80711,65,PVIP,5660.54,Release
890D623352,812-44-4632,8321996845,PA,19610,8/3/2019,7991,1489,31,PVIP,7097.85,MedRev
586F711600,687-61-1853,9060994293,DC,20420,1/29/2019,4525,29571,17,PDLB,9779.57,MedRev
660H159631,238-93-2944,2374682860,CA,92160,1/6/2019,6851,86121,72,PDOC,2578.46,MedRev
983A025024,735-11-4836,8594603535,TN,38119,12/15/2019,9960,46611,20,PVIP,5006.75,Release
292D889440,707-20-5062,1186908642,CA,90071,9/25/2019,8090,34939,31,PDOK,5302.17,Release
383P043670,596-51-0683,8794918613,IN,46814,9/28/2019,4826,E9970,20,PDOC,752.02,Deny
616S062130,863-02-8508,2697947279,FL,33884,5/25/2019,5589,37815,11,PCOB,9083.85,Release
467D501294,741-61-2381,0303551186,OH,44511,7/28/2019,2079,85240,11,PVIP,7012.52,RePend
922U694083,289-34-5074,7860408292,TX,77060,7/25/2019,7973,2939,81,PDLB,8891.46,Release
025I708915,859-66-1002,6333777701,OK,74133,5/5/2019,7752,36653,72,PDLB,5364.98,Deny
773O345961,234-08-2219,5478681668,DE,19897,12/28/2019,0442,0931,20,PDLB,3390.65,Deny
726K502251,773-04-7229,4652207110,GA,30919,12/25/2019,3616,E8714,81,PDOC,5919.13,MedRev
441W296107,886-81-1364,2624287217,MA,01114,8/6/2019,9443,86100,12,PPOW,189.7,RePend
260S273386,478-46-2294,1115392405,CA,92030,1/21/2019,1200,82100,31,PAUT,578.12,Release
058C394014,398-17-7512,3774166583,NY,10125,2/5/2019,7661,56960,22,PCOB,7890.12,RePend
045K607314,586-14-5607,0108133964,FL,33261,9/1/2019,605,38161,52,PDOK,7081.3,Release
571B494930,495-40-3413,6329945589,NY,14683,7/25/2019,6811,28522,81,PDOC,188.2,Deny
864E553790,238-54-9648,7660393554,CA,92424,12/27/2019,5209,9682,22,PDOC,4761.25,RePend
210U347363,272-79-8518,7934162284,WV,25705,5/17/2019,6309,64080,31,PM5R,7824.36,Deny
490G183609,556-41-2245,6413950362,PA,19141,4/4/2019,7969,E8694,17,PDOC,3610.81,RePend
088T873288,606-91-2765,2570092419,IN,46247,6/1/2019,1041,E8018,20,PCOB,5753.41,Release
051I761052,847-31-0569,0290394097,IN,47725,1/7/2019,7990,37511,52,PVIP,8492.19,Deny
318K099229,595-27-2060,9057120508,FL,33355,12/2/2019,8543,9551,23,PDLB,2268.66,MedRev
455N370244,466-91-2145,2421963008,NY,10249,8/5/2019,2231,94500,20,PAUT,6263.49,MedRev
426A354250,688-83-4019,0758980929,TX,79105,11/12/2019,2104,64133,72,PDLB,4530.81,Deny
004F233123,380-37-5966,7404897235,NC,27610,10/31/2019,3327,88000,22,PCOB,4523.66,Deny
787N266746,832-38-9307,4884201644,TX,88553,8/20/2019,8941,86330,52,PPJB,3541.23,Release
751H611798,229-01-1481,7488552136,MO,63150,9/21/2019,4282,56942,17,PDUP,9887.16,Release
066N087565,347-16-2770,0184910522,OH,44905,5/23/2019,156,7836,17,PAUT,1224.05,Deny
483C415197,836-33-0645,4745049615,GA,31119,6/24/2019,8465,V7283,17,PDLB,9465.87,Deny
078E882687,359-60-8497,3048232438,NY,10090,5/4/2019,9162,64240,52,PDOC,4993.36,Deny
602F005085,237-21-6920,9674654726,TX,76011,10/10/2019,6679,E9311,12,PVIP,6952.84,Release
272F552711,169-72-6672,9329345851,FL,32590,1/18/2019,9203,4374,11,PPOW,4773.42,Deny
300R379043,300-80-8095,5059315313,MD,20784,6/8/2019,5783,65100,11,PM5R,8174.28,Deny
656V900074,784-96-9560,0814825837,OH,43656,5/31/2019,8672,63631,31,PDUP,7254.71,Deny
163I339800,404-57-9418,4618963065,OH,43210,4/7/2019,7859,84519,20,PDOC,5141.42,RePend
228W315384,440-93-9931,6940187602,MS,39296,10/1/2019,0589,8604,11,PVIP,3844.69,Deny
644O134491,289-36-3199,3178172147,CA,91199,11/23/2019,4921,75615,81,PDOK,7027.81,MedRev
021H531208,780-81-5323,2148866114,FL,33245,4/30/2019,9102,99586,31,PDLB,263.61,Deny
674G871001,205-37-6815,6556357629,CO,80015,8/12/2019,6099,6170,72,PAUT,3600.78,Release
320M772257,544-10-3814,5913020763,TX,76105,10/23/2019,4142,E911,81,PDOK,4200.95,Deny
164F198670,117-04-1591,8013109233,NC,28242,3/16/2019,5503,20204,11,PPOW,5895.16,RePend
877T277724,633-94-4321,0585718544,NY,10459,2/17/2019,8674,34401,52,PDOC,666.96,Deny
352Z362329,157-71-0720,4340146223,AL,35279,10/22/2019,8446,V162,11,PDOC,2980.05,MedRev
018W911113,282-92-8230,4403654217,TN,38188,2/26/2019,9978,01603,11,PM5R,6041.15,RePend
702L307705,749-82-6642,2225291347,OH,44511,1/11/2019,8550,80309,20,PAUT,3419.98,MedRev
905Y358452,382-60-2569,5107595178,IN,47306,2/5/2019,3954,86419,12,PPOW,265.91,Deny
279U459943,351-37-9203,6334830043,NE,68117,10/12/2019,8159,E9311,11,PPOW,9067.88,Release
122O390045,655-68-0098,2854974857,MD,20719,4/29/2019,3722,28244,65,PCOB,3924.42,RePend
078Y595575,527-48-9181,8505479575,TX,76129,4/19/2019,8907,8412,22,PAUT,5962.64,Release
897B010710,331-61-9726,2515269843,NY,11210,12/14/2019,9169,E9199,81,PDOC,2659.98,Release
395J953251,488-78-9861,0314845802,CO,80910,2/8/2019,6639,096,12,PDUP,6017.78,MedRev
654I342488,553-30-4750,8373222260,VA,20167,9/1/2019,6499,4588,17,PAUT,670.3,Deny
